Name;Date of Birth;Type of Parliamentarian;Riding/Senatorial Division;Province/Territory;Gender;Political Affiliation
Abbott, Jim;1942-08-17;"MP (1997/06/02 - 2011/05/01)
MP (1993/10/25 - 1997/06/01)";"Kootenay--Columbia (1997/06/02 - 2011/05/01)
Kootenay East (1993/10/25 - 1997/06/01)";"British Columbia
British Columbia";M;"Conservative Party of Canada (2003/12/23 - 2011/05/01)
Canadian Reform Conservative Alliance (2000/03/27 - 2003/12/22)
Reform Party of Canada (1993/10/25 - 2000/03/26)"
Ablonczy, Diane;1949-05-05;"MP (1997/06/02 - 2015/10/18)
MP (1993/10/25 - 1997/06/01)";"Calgary--Nose Hill (1997/06/02 - 2015/10/18)
Calgary North (1993/10/25 - 1997/06/01)";"Alberta
Alberta";F;"Conservative Party of Canada (2003/12/23 - 2015/10/18)
Canadian Reform Conservative Alliance (2000/03/27 - 2003/12/22)
Reform Party of Canada (1993/10/25 - 2000/03/26)"
Adams, Peter;1936-04-16;MP (1993/10/25 - 2006/01/22);Peterborough (1993/10/25 - 2006/01/22);Ontario;M;Liberal Party of Canada (1993/10/25 - 2006/01/22)
Alcock, Reginald B.;1948-04-15;MP (1993/10/25 - 2006/01/22);Winnipeg South (1993/10/25 - 2006/01/22);Manitoba;M;Liberal Party of Canada (1993/10/25 - 2006/01/22)
Allmand, William Warren;1932-09-18;"MP (1988/11/21 - 1997/02/24)
MP (1984/09/04 - 1988/11/20)
MP (1965/11/08 - 1984/09/03)";"Notre-Dame-de-Grâce (1988/11/21 - 1997/02/24)
Notre-Dame-de-Grâce--Lachine East (1984/09/04 - 1988/11/20)
Notre-Dame-de-Grâce (1965/11/08 - 1984/09/03)";"Quebec
Quebec
Quebec";M;Liberal Party of Canada (1965/11/08 - 1997/02/24)
Althouse, Victor Fredrich (Vic);1937-04-14;"MP (1988/11/21 - 1997/06/01)
MP (1980/02/18 - 1988/11/20)";"Mackenzie (1988/11/21 - 1997/06/01)
Humboldt--Lake Centre (1980/02/18 - 1988/11/20)";"Saskatchewan
Saskatchewan";M;New Democratic Party (1980/02/18 - 1997/06/01)
Anawak, Jack Iyerak;1950-09-25;MP (1988/11/21 - 1997/04/15);Nunatsiaq (1988/11/21 - 1997/04/15);Northwest Territories;M;Liberal Party of Canada (1988/11/21 - 1997/04/15)
Anderson, David;1937-08-15;"MP (1993/10/25 - 2006/01/22)
MP (1968/06/25 - 1972/07/24)";"Victoria (1993/10/25 - 2006/01/22)
Esquimalt--Saanich (1968/06/25 - 1972/07/24)";"British Columbia
British Columbia";M;"Liberal Party of Canada (1993/10/25 - 2006/01/22)
Liberal Party of Canada (1968/06/25 - 1972/07/24)"
Arseneault, Guy H.;1952-05-10;"MP (1989/12/29 - 1997/06/01)
MP (1988/11/21 - 1989/12/28)";"Restigouche--Chaleur (1989/12/29 - 1997/06/01)
Restigouche (1988/11/21 - 1989/12/28)";"New Brunswick
New Brunswick";M;Liberal Party of Canada (1988/11/21 - 1997/06/01)
Assad, Mark Joseph;1940-06-13;"MP (1997/06/02 - 2004/06/27)
MP (1988/11/21 - 1997/06/01)";"Gatineau (1997/06/02 - 2004/06/27)
Gatineau--La Lièvre (1988/11/21 - 1997/06/01)";"Quebec
Quebec";M;Liberal Party of Canada (1988/11/21 - 2004/06/27)
Assadourian, Sarkis;1948-01-24;"MP (1997/06/02 - 2004/06/27)
MP (1993/10/25 - 1997/06/01)";"Brampton Centre (1997/06/02 - 2004/06/27)
Don Valley North (1993/10/25 - 1997/06/01)";"Ontario
Ontario";M;Liberal Party of Canada (1993/10/25 - 2004/06/27)
Asselin, Gérard;1950-04-18;"MP (2004/06/28 - 2011/05/01)
MP (1993/10/25 - 2004/06/27)";"Manicouagan (2004/06/28 - 2011/05/01)
Charlevoix (1993/10/25 - 2004/06/27)";"Quebec
Quebec";M;Bloc Québécois (1993/10/25 - 2011/05/01)
Augustine, Jean;1937-09-08;MP (1993/10/25 - 2006/01/22);Etobicoke--Lakeshore (1993/10/25 - 2006/01/22);Ontario;F;Liberal Party of Canada (1993/10/25 - 2006/01/22)
Axworthy, Chris;1947-03-09;"MP (1997/06/02 - 1999/05/13)
MP (1988/11/21 - 1997/06/01)";"Saskatoon--Rosetown--Biggar (1997/06/02 - 1999/05/13)
Saskatoon--Clark's Crossing (1988/11/21 - 1997/06/01)";"Saskatchewan
Saskatchewan";M;New Democratic Party (1988/11/21 - 1999/05/13)
Axworthy, Lloyd;1939-12-20;"MP (1988/11/21 - 2000/11/26)
MP (1979/05/22 - 1988/11/20)";"Winnipeg South Centre (1988/11/21 - 2000/11/26)
Winnipeg--Fort Garry (1979/05/22 - 1988/11/20)";"Manitoba
Manitoba";M;Liberal Party of Canada (1979/05/22 - 2000/11/26)
Bachand, Claude;1951-01-02;MP (1993/10/25 - 2011/05/01);Saint-Jean (1993/10/25 - 2011/05/01);Quebec;M;Bloc Québécois (1993/10/25 - 2011/05/01)
Baker, George;1942-09-02;"MP (1988/11/21 - 2002/03/25)
MP (1974/07/08 - 1988/11/20)
Senator (2002/03/26 - 2017/09/03)";"Newfoundland and Labrador (2002/03/26 - 2017/09/03)
Gander--Grand Falls (1988/11/21 - 2002/03/25)
Gander--Twillingate (1974/07/08 - 1988/11/20)";"Newfoundland and Labrador
Newfoundland and Labrador
Newfoundland and Labrador";M;Liberal Party of Canada (1972/10/30 - 2017/09/03)
Bakopanos, Eleni;1954-05-09;"MP (1997/06/02 - 2006/01/22)
MP (1993/10/25 - 1997/06/01)";"Ahuntsic (1997/06/02 - 2006/01/22)
Saint-Denis (1993/10/25 - 1997/06/01)";"Quebec
Quebec";F;Liberal Party of Canada (1993/10/25 - 2006/01/22)
Balfour, James;1928-05-21;"MP (1972/10/30 - 1979/05/21)
Senator (1979/09/13 - 1999/12/12)";"Regina (1979/09/13 - 1999/12/12)
Regina East (1972/10/30 - 1979/05/21)";"Saskatchewan
Saskatchewan";M;"Progressive Conservative Party (1979/09/13 - 1999/12/12)
Progressive Conservative Party (1972/10/30 - 1979/05/21)"
Barnes, Susan (Sue);1952-09-07;MP (1993/10/25 - 2008/10/13);London West (1993/10/25 - 2008/10/13);Ontario;F;Liberal Party of Canada (1993/10/25 - 2008/10/13)
Beaumier, Colleen;1944-11-07;"MP (2004/06/28 - 2008/10/13)
MP (1997/06/02 - 2004/06/27)
MP (1993/10/25 - 1997/06/01)";"Brampton West (2004/06/28 - 2008/10/13)
Brampton West--Mississauga (1997/06/02 - 2004/06/27)
Brampton (1993/10/25 - 1997/06/01)";"Ontario
Ontario
Ontario";F;Liberal Party of Canada (1993/10/25 - 2008/10/13)
Bélair, Réginald;1949-04-05;"MP (1997/06/02 - 2004/06/27)
MP (1988/11/21 - 1997/06/01)";"Timmins--James Bay (1997/06/02 - 2004/06/27)
Cochrane--Superior (1988/11/21 - 1997/06/01)";"Ontario
Ontario";M;Liberal Party of Canada (1988/11/21 - 2004/06/27)
Bélanger, Mauril;1955-06-14;MP (1995/02/13 - 2016/08/15);Ottawa--Vanier (1995/02/13 - 2016/08/15);Ontario;M;Liberal Party of Canada (1995/02/13 - 2016/08/15)
Bélisle, Richard;1946-07-19;MP (1993/10/25 - 1997/06/01);La Prairie (1993/10/25 - 1997/06/01);Quebec;M;Bloc Québécois (1993/10/25 - 1997/06/01)
Bellehumeur, Michel;1963-01-20;MP (1993/10/25 - 2002/05/18);Berthier--Montcalm (1993/10/25 - 2002/05/18);Quebec;M;Bloc Québécois (1993/10/25 - 2002/05/18)
Bellemare, Eugène;1932-04-05;"MP (2000/06/29 - 2004/06/27)
MP (1997/06/02 - 2000/06/28)
MP (1988/11/21 - 1997/06/01)";"Ottawa--Orléans (2000/06/29 - 2004/06/27)
Carleton--Gloucester (1997/06/02 - 2000/06/28)
Carleton--Gloucester (1988/11/21 - 1997/06/01)";"Ontario
Ontario
Ontario";M;Liberal Party of Canada (1988/11/21 - 2004/06/27)
Benoit, Leon Earl;1950-07-06;"MP (2004/06/28 - 2015/10/18)
MP (1997/06/02 - 2004/06/27)
MP (1993/10/25 - 1997/06/01)";"Vegreville--Wainwright (2004/06/28 - 2015/10/18)
Lakeland (1997/06/02 - 2004/06/27)
Vegreville (1993/10/25 - 1997/06/01)";"Alberta
Alberta
Alberta";M;"Conservative Party of Canada (2003/12/23 - 2015/10/18)
Canadian Reform Conservative Alliance (2000/03/27 - 2003/12/22)
Reform Party of Canada (1993/10/25 - 2000/03/26)"
Berger, David;1950-03-29;"MP (1988/11/21 - 1994/12/28)
MP (1979/05/22 - 1988/11/20)";"Saint-Henri--Westmount (1988/11/21 - 1994/12/28)
Laurier (1979/05/22 - 1988/11/20)";"Quebec
Quebec";M;Liberal Party of Canada (1979/05/22 - 1994/12/28)
Bergeron, Stéphane;1965-01-27;"MP (2019/10/21 - )
MP (1998/06/18 - 2005/11/09)
MP (1993/10/25 - 1998/06/17)";"Montarville (2019/10/21 - )
Verchères--Les Patriotes (1998/06/18 - 2005/11/09)
Verchères (1993/10/25 - 1998/06/17)";"Quebec
Quebec
Quebec";M;"Bloc Québécois (2019/10/21 - )
Bloc Québécois (1993/10/25 - 2005/11/09)"
Bernier, Gilles;1934-07-14;MP (1984/09/04 - 1997/06/01);Beauce (1984/09/04 - 1997/06/01);Quebec;M;"Independent (1993/10/25 - 1997/06/01)
Progressive Conservative Party (1984/09/04 - 1993/10/24)"
Bernier, Maurice;1947-03-10;MP (1993/10/25 - 1997/06/01);Mégantic--Compton--Stanstead (1993/10/25 - 1997/06/01);Quebec;M;Bloc Québécois (1993/10/25 - 1997/06/01)
Bernier, Yvan;1960-06-16;"MP (1997/06/02 - 2000/11/26)
MP (1993/10/25 - 1997/06/01)";"Bonaventure--Gaspé--Îles-de-la-Madeleine--Pabok (1997/06/02 - 2000/11/26)
Gaspé (1993/10/25 - 1997/06/01)";"Quebec
Quebec";M;Bloc Québécois (1993/10/25 - 2000/11/26)
Bertrand, Robert;1953-04-03;MP (1993/10/25 - 2004/06/27);Pontiac--Gatineau--Labelle (1993/10/25 - 2004/06/27);Quebec;M;Liberal Party of Canada (1993/10/25 - 2004/06/27)
Bethel, Judith Claire (Judy);1943-08-23;MP (1993/10/25 - 1997/06/01);Edmonton East (1993/10/25 - 1997/06/01);Alberta;F;Liberal Party of Canada (1993/10/25 - 1997/06/01)
Bevilacqua, Maurizio;1960-05-31;"MP (2004/06/28 - 2010/09/02)
MP (1997/06/02 - 2004/06/27)
MP (1990/12/10 - 1997/06/01)
MP (1988/11/21 - 1990/06/07)";"Vaughan (2004/06/28 - 2010/09/02)
Vaughan--King--Aurora (1997/06/02 - 2004/06/27)
York North (1990/12/10 - 1997/06/01)
York North (1988/11/21 - 1990/06/07)";"Ontario
Ontario
Ontario
Ontario";M;"Liberal Party of Canada (1990/12/10 - 2010/09/02)
Liberal Party of Canada (1988/11/21 - 1990/06/07)"
Bhaduria, Jag;1940-01-22;MP (1993/10/25 - 1997/06/01);Markham--Whitchurch--Stouffville (1993/10/25 - 1997/06/01);Ontario;M;"Liberal Democrat (1996/12/23 - 1997/06/01)
Independent Liberal (1994/01/27 - 1996/12/22)
Liberal Party of Canada (1993/10/25 - 1994/01/26)"
Blaikie, William Alexander (Bill);1951-06-18;"MP (2004/06/28 - 2008/10/13)
MP (1997/06/02 - 2004/06/27)
MP (1988/11/21 - 1997/06/01)
MP (1979/05/22 - 1988/11/20)";"Elmwood--Transcona (2004/06/28 - 2008/10/13)
Winnipeg--Transcona (1997/06/02 - 2004/06/27)
Winnipeg Transcona (1988/11/21 - 1997/06/01)
Winnipeg--Birds Hill (1979/05/22 - 1988/11/20)";"Manitoba
Manitoba
Manitoba
Manitoba";M;New Democratic Party (1979/05/22 - 2008/10/13)
Blondin-Andrew, Ethel Dorothy;1951-03-24;MP (1988/11/21 - 2006/01/22);Western Arctic (1988/11/21 - 2006/01/22);Northwest Territories;F;Liberal Party of Canada (1988/11/21 - 2006/01/22)
Bodnar, Morris P.;1948-09-03;MP (1993/10/25 - 1997/06/01);Saskatoon--Dundurn (1993/10/25 - 1997/06/01);Saskatchewan;M;Liberal Party of Canada (1993/10/25 - 1997/06/01)
Bonin, Raymond;1942-11-19;MP (1993/10/25 - 2008/10/13);Nickel Belt (1993/10/25 - 2008/10/13);Ontario;M;Liberal Party of Canada (1993/10/25 - 2008/10/13)
Bouchard, Lucien;1938-12-21;MP (1988/06/20 - 1996/01/15);Lac-Saint-Jean (1988/06/20 - 1996/01/15);Quebec;M;"Bloc Québécois (1990/12/22 - 1996/01/15)
Independent (1990/05/22 - 1990/12/21)
Progressive Conservative Party (1988/06/20 - 1990/05/21)"
Boudria, Don;1949-08-29;MP (1984/09/04 - 2006/01/22);Glengarry--Prescott--Russell (1984/09/04 - 2006/01/22);Ontario;M;Liberal Party of Canada (1984/09/04 - 2006/01/23)
Breitkreuz, Cliff N.;1940-07-29;MP (1993/10/25 - 2000/11/26);Yellowhead (1993/10/25 - 2000/11/26);Alberta;M;"Canadian Reform Conservative Alliance (2000/03/27 - 2000/11/26)
Reform Party of Canada (1993/10/25 - 2000/03/26)"
Breitkreuz, Garry W.;1945-10-20;MP (1993/10/25 - 2015/10/18);Yorkton--Melville (1993/10/25 - 2015/10/18);Saskatchewan;M;"Conservative Party of Canada (2003/12/23 - 2015/10/18)
Canadian Reform Conservative Alliance (2000/03/27 - 2003/12/22)
Reform Party of Canada (1993/10/25 - 2000/03/26)"
Bridgman, Margaret;1940-01-09;MP (1993/10/25 - 1997/06/01);Surrey North (1993/10/25 - 1997/06/01);British Columbia;F;Reform Party of Canada (1993/10/25 - 1997/06/01)
Brien, Pierre;1970-06-21;"MP (1997/06/02 - 2003/03/14)
MP (1993/10/25 - 1997/06/01)";"Témiscamingue (1997/06/02 - 2003/03/14)
Témiscamingue (1993/10/25 - 1997/06/01)";"Quebec
Quebec";M;"Independent (2003/01/16 - 2003/03/14)
Bloc Québécois (1993/10/25 - 2003/01/15)"
Brown, Bonnie;1941-03-01;"MP (1997/06/02 - 2008/10/13)
MP (1993/10/25 - 1997/06/01)";"Oakville (1997/06/02 - 2008/10/13)
Oakville--Milton (1993/10/25 - 1997/06/01)";"Ontario
Ontario";F;Liberal Party of Canada (1993/10/25 - 2008/10/13)
Brown, Jan;1947-06-22;MP (1993/10/25 - 1997/06/01);Calgary Southeast (1993/10/25 - 1997/06/01);Alberta;F;"Independent (1996/05/31 - 1997/06/01)
Independent Reform (1996/05/14 - 1996/05/30)
Reform Party of Canada (1993/10/25 - 1996/05/13)"
Brushett, Dianne;1942-10-10;MP (1993/10/25 - 1997/06/01);Cumberland--Colchester (1993/10/25 - 1997/06/01);Nova Scotia;F;Liberal Party of Canada (1993/10/25 - 1997/06/01)
Bryden, John H.;1943-07-14;"MP (2000/06/29 - 2004/06/27)
MP (1997/06/02 - 2000/06/28)
MP (1993/10/25 - 1997/06/01)";"Ancaster--Dundas--Flamborough--Aldershot (2000/06/29 - 2004/06/27)
Wentworth--Burlington (1997/06/02 - 2000/06/28)
Hamilton--Wentworth (1993/10/25 - 1997/06/01)";"Ontario
Ontario
Ontario";M;"Conservative Party of Canada (2004/02/25 - 2004/06/27)
Independent (2004/02/17 - 2004/02/24)
Liberal Party of Canada (1993/10/25 - 2004/02/16)"
Byrne, Gerry;1966-09-26;MP (1996/03/25 - 2015/10/18);Humber--St. Barbe--Baie Verte (1996/03/25 - 2015/10/18);Newfoundland and Labrador;M;Liberal Party of Canada (1996/03/25 - 2015/10/18)
Caccia, Charles L.;1930-04-27;MP (1968/06/25 - 2004/06/27);Davenport (1968/06/25 - 2004/06/27);Ontario;M;Liberal Party of Canada (1968/06/25 - 2004/06/27)
Calder, Murray;1951-01-14;"MP (1997/06/02 - 2004/06/27)
MP (1993/10/25 - 1997/06/01)";"Dufferin--Peel--Wellington--Grey (1997/06/02 - 2004/06/27)
Wellington--Grey--Dufferin--Simcoe (1993/10/25 - 1997/06/01)";"Ontario
Ontario";M;Liberal Party of Canada (1993/10/25 - 2004/06/27)
Campbell, Barry R.;1950-06-14;MP (1993/10/25 - 1997/06/01);St. Paul's (1993/10/25 - 1997/06/01);Ontario;M;Liberal Party of Canada (1993/10/25 - 1997/06/01)
Cannis, John;1951-11-03;MP (1993/10/25 - 2011/05/01);Scarborough Centre (1993/10/25 - 2011/05/01);Ontario;M;Liberal Party of Canada (1993/10/25 - 2011/05/01)
Canuel, René;1936-10-20;MP (1993/10/25 - 2000/11/26);Matapédia--Matane (1993/10/25 - 2000/11/26);Quebec;M;Bloc Québécois (1993/10/25 - 2000/11/26)
Carney, Pat;1935-05-25;"MP (1980/02/18 - 1988/11/20)
Senator (1990/08/30 - 2008/01/31)";"British Columbia (1990/08/30 - 2008/01/31)
Vancouver Centre (1980/02/18 - 1988/11/20)";"British Columbia
British Columbia";F;"Conservative Party of Canada (2004/02/02 - 2008/01/31)
Progressive Conservative Party (1990/08/30 - 2004/02/01)
Progressive Conservative Party (1980/02/18 - 1988/11/20)"
Caron, André;1944-12-17;MP (1993/10/25 - 1997/01/10);Jonquière (1993/10/25 - 1997/01/10);Quebec;M;Bloc Québécois (1993/10/25 - 1997/01/10)
Catterall, Marlene;1939-02-28;"MP (1997/06/02 - 2006/01/22)
MP (1988/11/21 - 1997/06/01)";"Ottawa West--Nepean (1997/06/02 - 2006/01/22)
Ottawa West (1988/11/21 - 1997/06/01)";"Ontario
Ontario";F;Liberal Party of Canada (1988/11/21 - 2006/01/22)
Cauchon, Martin;1962-08-22;MP (1993/10/25 - 2004/06/27);Outremont (1993/10/25 - 2004/06/27);Quebec;M;Liberal Party of Canada (1993/10/25 - 2011/05/01)
Chamberlain, Brenda;1952-04-08;"MP (2004/06/28 - 2008/04/07)
MP (1993/10/25 - 2004/06/27)";"Guelph (2004/06/28 - 2008/04/07)
Guelph--Wellington (1993/10/25 - 2004/06/27)";"Ontario
Ontario";F;Liberal Party of Canada (1993/10/25 - 2008/04/07)
Chan, Raymond;1951-10-24;"MP (2004/06/28 - 2008/10/13)
MP (1993/10/25 - 2000/11/26)";"Richmond (2004/06/28 - 2008/10/13)
Richmond (1993/10/25 - 2000/11/26)";"British Columbia
British Columbia";M;"Liberal Party of Canada (2004/06/28 - 2008/10/13)
Liberal Party of Canada (1993/10/25 - 2000/11/26)"
Charest, Jean J.;1958-06-23;MP (1984/09/04 - 1998/05/01);Sherbrooke (1984/09/04 - 1998/05/01);Quebec;M;Progressive Conservative Party (1984/09/04 - 1998/04/30)
Chatters, David Cameron;1946-04-14;"MP (2005/02/24 - 2006/01/22)
MP (2004/09/01 - 2005/02/23)
MP (2004/06/28 - 2004/08/31)
MP (1993/10/25 - 2004/06/27)";"Westlock--St. Paul (2005/02/24 - 2006/01/22)
Battle River (2004/09/01 - 2005/02/23)
Westlock--St. Paul (2004/06/28 - 2004/08/31)
Athabasca (1993/10/25 - 2004/06/27)";"Alberta
Alberta
Alberta
Alberta";M;"Conservative Party of Canada (2003/12/23 - 2006/01/22)
Canadian Reform Conservative Alliance (2000/03/27 - 2003/12/22)
Reform Party of Canada (1993/10/25 - 2000/03/26)"
Chrétien, Jean-Guy;1946-01-22;"MP (1997/06/02 - 2000/11/26)
MP (1993/10/25 - 1997/06/01)";"Frontenac--Mégantic (1997/06/02 - 2000/11/26)
Frontenac (1993/10/25 - 1997/06/01)";"Quebec
Quebec";M;Bloc Québécois (1993/10/25 - 2000/11/26)
Chrétien, Joseph Jacques Jean;1934-01-10;"MP (1993/10/25 - 2003/12/12)
MP (1990/12/10 - 1993/10/24)
MP (1968/06/25 - 1986/02/27)
MP (1963/04/08 - 1968/06/24)";"Saint-Maurice (1993/10/25 - 2003/12/12)
Beauséjour (1990/12/10 - 1993/10/24)
Saint-Maurice (1968/06/25 - 1986/02/27)
Saint-Maurice--Laflèche (1963/04/08 - 1968/06/24)";"Quebec
New Brunswick
Quebec
Quebec";M;"Liberal Party of Canada (1990/12/10 - 2003/12/12)
Liberal Party of Canada (1963/04/08 - 1986/02/27)"
Clancy, Mary Catherine;1948-01-12;MP (1988/11/21 - 1997/06/01);Halifax (1988/11/21 - 1997/06/01);Nova Scotia;F;Liberal Party of Canada (1988/11/21 - 1997/06/02)
Cohen, Elizabeth Shaughnessy;1948-02-10;"MP (1997/06/02 - 1998/12/09)
MP (1993/10/25 - 1997/06/01)";"Windsor--St. Clair (1997/06/02 - 1998/12/09)
Windsor--St. Clair (1993/10/25 - 1997/06/01)";"Ontario
Ontario";F;Liberal Party of Canada (1993/10/25 - 1998/12/09)
Collenette, David Michael;1946-06-23;"MP (1993/10/25 - 2004/06/27)
MP (1980/02/18 - 1984/09/03)
MP (1974/07/08 - 1979/05/21)";"Don Valley East (1993/10/25 - 2004/06/27)
York East (1980/02/18 - 1984/09/03)
York East (1974/07/08 - 1979/05/21)";"Ontario
Ontario
Ontario";M;"Liberal Party of Canada (1993/10/25 - 2004/06/27)
Liberal Party of Canada (1980/02/18 - 1984/09/03)
Liberal Party of Canada (1974/07/08 - 1979/05/21)"
Collins, A.B. (Bernie);1935-06-17;MP (1993/10/25 - 1997/06/01);Souris--Moose Mountain (1993/10/25 - 1997/06/01);Saskatchewan;M;Liberal Party of Canada (1993/10/25 - 1997/06/01)
Comeau, Gerald J.;1946-01-31;"MP (1984/09/04 - 1988/11/20)
Senator (1990/08/30 - 2013/11/30)";"Nova Scotia (1990/08/30 - 2013/11/30)
South West Nova (1984/09/04 - 1988/11/20)";"Nova Scotia
Nova Scotia";M;"Conservative Party of Canada (2004/02/02 - 2013/11/30)
Progressive Conservative Party (1990/08/30 - 2004/02/01)
Progressive Conservative Party (1984/09/04 - 1988/11/20)"
Comuzzi, Joseph R. (Joe);1933-04-04;"MP (1998/06/18 - 2008/10/13)
MP (1988/11/21 - 1998/06/17)";"Thunder Bay--Superior North (1998/06/18 - 2008/10/13)
Thunder Bay--Nipigon (1988/11/21 - 1998/06/17)";"Ontario
Ontario";M;"Conservative Party of Canada (2007/06/27 - 2008/10/13)
Independent (2007/03/21 - 2007/06/26)
Liberal Party of Canada (1988/11/21 - 2007/03/20)"
Copps, Sheila Maureen;1952-11-26;"MP (1996/06/17 - 2004/06/27)
MP (1984/09/04 - 1996/05/01)";"Hamilton East (1996/06/17 - 2004/06/27)
Hamilton East (1984/09/04 - 1996/05/01)";"Ontario
Ontario";F;Liberal Party of Canada (1984/09/04 - 2004/06/27)
Corbin, Eymard G.;1934-08-01;"MP (1968/06/25 - 1984/07/08)
Senator (1984/07/09 - 2009/08/02)";"Grand-Sault (1984/07/09 - 2009/08/02)
Madawaska--Victoria (1968/06/25 - 1984/07/08)";"New Brunswick
New Brunswick";M;Liberal Party of Canada (1968/06/25 - 2009/08/02)
Cowling, Marlene;1941-08-25;MP (1993/10/25 - 1997/06/01);Dauphin--Swan River (1993/10/25 - 1997/06/01);Manitoba;F;Liberal Party of Canada (1993/10/25 - 1997/06/01)
Crawford, Rex;1932-02-24;MP (1988/11/21 - 1997/06/01);Kent (1988/11/21 - 1997/06/01);Ontario;M;Liberal Party of Canada (1988/11/21 - 1997/06/01)
Crête, Paul;1953-04-07;"MP (2004/09/01 - 2009/05/21)
MP (2004/06/28 - 2004/08/31)
MP (1997/06/02 - 2004/06/27)
MP (1993/10/25 - 1997/06/01)";"Montmagny--L’Islet--Kamouraska--Rivière-du-Loup (2004/09/01 - 2009/05/21)
Rivière-du-Loup--Montmagny (2004/06/28 - 2004/08/31)
Kamouraska--Rivière-du-Loup--Témiscouata--Les Basques (1997/06/02 - 2004/06/27)
Kamouraska--Rivière-du-Loup (1993/10/25 - 1997/06/01)";"Quebec
Quebec
Quebec
Quebec";M;Bloc Québécois (1993/10/25 - 2009/05/21)
Culbert, Harold William;1944-05-15;MP (1993/10/25 - 1997/06/01);Carleton--Charlotte (1993/10/25 - 1997/06/01);New Brunswick;M;Liberal Party of Canada (1993/10/25 - 1997/06/01)
Cullen, Roy;1944-12-30;MP (1996/03/25 - 2008/10/13);Etobicoke North (1996/03/25 - 2008/10/13);Ontario;M;Liberal Party of Canada (1996/03/25 - 2008/10/13)
Cummins, John Martin;1942-03-11;"MP (2004/06/28 - 2011/05/01)
MP (1997/06/02 - 2004/06/27)
MP (1993/10/25 - 1997/06/01)";"Delta--Richmond East (2004/06/28 - 2011/05/01)
Delta--South Richmond (1997/06/02 - 2004/06/27)
Delta (1993/10/25 - 1997/06/01)";"British Columbia
British Columbia
British Columbia";M;"Conservative Party of Canada (2003/12/23 - 2011/05/01)
Canadian Reform Conservative Alliance (2000/03/27 - 2003/12/22)
Reform Party of Canada (1993/10/25 - 2000/03/26)"
Dalphond-Guiral, Madeleine;1938-06-05;MP (1993/10/25 - 2004/06/27);Laval Centre (1993/10/25 - 2004/06/27);Quebec;F;Bloc Québécois (1993/10/25 - 2004/06/27)
Daviault, Michel;1952-11-24;MP (1993/10/25 - 1997/06/01);Ahuntsic (1993/10/25 - 1997/06/01);Quebec;M;Bloc Québécois (1993/10/25 - 1997/06/01)
De Bané, Pierre;1938-08-01;"MP (1979/05/22 - 1984/06/28)
MP (1968/06/25 - 1979/05/21)
Senator (1984/06/29 - 2013/08/02)";"De la Vallière (1984/06/29 - 2013/08/02)
Matapédia--Matane (1979/05/22 - 1984/06/28)
Matane (1968/06/25 - 1979/05/21)";"Quebec
Quebec
Quebec";M;Liberal Party of Canada (1968/06/25 - 2013/08/02)
de Jong, Simon Leendert;1942-04-08;"MP (1988/11/21 - 1997/06/01)
MP (1979/05/22 - 1988/11/20)";"Regina--Qu'Appelle (1988/11/21 - 1997/06/01)
Regina East (1979/05/22 - 1988/11/20)";"Saskatchewan
Saskatchewan";M;New Democratic Party (1979/05/22 - 1997/06/01)
de Savoye, Pierre;1942-11-11;MP (1993/10/25 - 2000/11/26);Portneuf (1993/10/25 - 2000/11/26);Quebec;M;Bloc Québécois (1993/10/25 - 2000/11/26)
Debien, Maud;1938-05-28;MP (1993/10/25 - 2000/11/26);Laval East (1993/10/25 - 2000/11/26);Quebec;F;Bloc Québécois (1993/10/25 - 2000/11/26)
Deshaies, Bernard;1953-12-10;MP (1993/10/25 - 1997/06/01);Abitibi (1993/10/25 - 1997/06/01);Quebec;M;Bloc Québécois (1993/10/25 - 1997/06/01)
DeVillers, Paul;1946-03-10;MP (1993/10/25 - 2006/01/22);Simcoe North (1993/10/25 - 2006/01/22);Ontario;M;Liberal Party of Canada (1993/10/25 - 2006/01/22)
Dhaliwal, Harbance Singh (Herb);1952-12-11;"MP (1997/06/02 - 2004/06/27)
MP (1993/10/25 - 1997/06/01)";"Vancouver South--Burnaby (1997/06/02 - 2004/06/27)
Vancouver South (1993/10/25 - 1997/06/01)";"British Columbia
British Columbia";M;Liberal Party of Canada (1993/10/25 - 2004/06/27)
Dingwall, David Charles;1952-06-28;MP (1980/02/18 - 1997/06/01);Cape Breton--East Richmond (1980/02/18 - 1997/06/01);Nova Scotia;M;Liberal Party of Canada (1980/02/18 - 1997/06/02)
Dion, Stéphane;1955-09-27;"MP (2015/10/19 - 2017/02/06)
MP (1996/03/25 - 2015/10/18)";"Saint-Laurent (2015/10/19 - 2017/02/06)
Saint-Laurent--Cartierville (1996/03/25 - 2015/10/18)";"Quebec
Quebec";M;Liberal Party of Canada (1996/03/25 - 2017/02/06)
Discepola, Nunzio (Nick);1949-11-26;"MP (1997/06/02 - 2004/06/27)
MP (1993/10/25 - 1997/06/01)";"Vaudreuil--Soulanges (1997/06/02 - 2004/06/27)
Vaudreuil (1993/10/25 - 1997/06/01)";"Quebec
Quebec";M;Liberal Party of Canada (1993/10/25 - 2004/06/27)
Dromisky, Stanley Peter (Stan);1931-06-24;MP (1993/10/25 - 2004/06/27);Thunder Bay--Atikokan (1993/10/25 - 2004/06/27);Ontario;M;Liberal Party of Canada (1993/10/25 - 2004/06/27)
Dubé, Antoine;1947-05-14;"MP (1998/06/18 - 2003/03/17)
MP (1993/10/25 - 1998/06/17)";"Lévis-et-Chutes-de-la-Chaudière (1998/06/18 - 2003/03/17)
Lévis (1993/10/25 - 1998/06/17)";"Quebec
Quebec";M;Bloc Québécois (1993/10/25 - 2003/03/17)
Duceppe, Gilles;1947-07-21;"MP (2004/09/01 - 2011/05/01)
MP (1990/08/13 - 2004/06/27)";"Laurier--Sainte-Marie (2004/09/01 - 2011/05/01)
Laurier--Sainte-Marie (1990/08/13 - 2004/06/27)";"Quebec
Quebec";M;"Bloc Québécois (1990/12/19 - 2011/05/01)
Independent (1990/08/13 - 1990/12/18)"
Duhamel, Ron J.;1938-03-01;"MP (1997/06/02 - 2002/01/14)
MP (1988/11/21 - 1997/06/01)
Senator (2002/01/15 - 2002/09/30)";"Manitoba (2002/01/15 - 2002/09/30)
Saint Boniface (1997/06/02 - 2002/01/14)
St. Boniface (1988/11/21 - 1997/06/01)";"Manitoba
Manitoba
Manitoba";M;Liberal Party of Canada (1988/11/21 - 2002/09/30)
Dumas, Maurice;1927-04-30;"MP (1999/03/11 - 2000/11/26)
MP (1993/10/25 - 1999/03/10)";"Argenteuil--Papineau--Mirabel (1999/03/11 - 2000/11/26)
Argenteuil--Papineau (1993/10/25 - 1999/03/10)";"Quebec
Quebec";M;Bloc Québécois (1993/10/25 - 2000/11/26)
Duncan, John;1948-12-18;"MP (2008/10/14 - 2015/10/18)
MP (1997/06/02 - 2006/01/22)
MP (1993/10/25 - 1997/06/01)";"Vancouver Island North (2008/10/14 - 2015/10/18)
Vancouver Island North (1997/06/02 - 2006/01/22)
North Island--Powell River (1993/10/25 - 1997/06/01)";"British Columbia
British Columbia
British Columbia";M;"Conservative Party of Canada (2008/10/14 - 2015/10/18)
Conservative Party of Canada (2003/12/23 - 2006/01/22)
Canadian Reform Conservative Alliance (2000/03/27 - 2003/12/22)
Reform Party of Canada (1993/10/25 - 2000/03/26)"
Dupuy, Michel;1930-01-10;MP (1993/10/25 - 1997/06/01);Laval West (1993/10/25 - 1997/06/01);Quebec;M;Liberal Party of Canada (1993/10/25 - 1997/06/01)
Easter, Wayne;1949-06-21;MP (1993/10/25 - );Malpeque (1993/10/25 - );Prince Edward Island;M;Liberal Party of Canada (1993/10/25 - )
Eggleton, Art;1943-09-28;"MP (1993/10/25 - 2004/06/27)
Senator (2005/03/24 - 2018/09/28)";"Toronto (2016/09/09 - 2018/09/28)
Ontario (2005/03/24 - 2016/09/08)
York Centre (1993/10/25 - 2004/06/27)";"Ontario
Ontario
Ontario";M;"Liberal Party of Canada (2005/03/24 - 2018/09/28)
Liberal Party of Canada (1993/10/25 - 2004/06/27)"
English, John Richard;1945-01-25;MP (1993/10/25 - 1997/06/01);Kitchener (1993/10/25 - 1997/06/01);Ontario;M;Liberal Party of Canada (1993/10/25 - 1997/06/01)
Epp, Ken;1939-05-10;"MP (2004/06/28 - 2008/10/13)
MP (1993/10/25 - 2004/06/27)";"Edmonton--Sherwood Park (2004/06/28 - 2008/10/13)
Elk Island (1993/10/25 - 2004/06/27)";"Alberta
Alberta";M;"Conservative Party of Canada (2003/12/23 - 2008/10/13)
Canadian Reform Conservative Alliance (2000/03/27 - 2003/12/22)
Reform Party of Canada (1993/10/25 - 2000/03/26)"
Fewchuk, Ron;1941-10-27;MP (1993/10/25 - 1997/06/01);Selkirk--Red River (1993/10/25 - 1997/06/01);Manitoba;M;Liberal Party of Canada (1993/10/25 - 1997/06/01)
Fillion, Gilbert;1940-07-26;MP (1993/10/25 - 1997/06/01);Chicoutimi (1993/10/25 - 1997/06/01);Quebec;M;Bloc Québécois (1993/10/25 - 1997/06/01)
Finestone, Sheila;1927-01-27;"MP (1988/11/21 - 1999/08/10)
MP (1984/09/04 - 1988/11/20)
Senator (1999/08/11 - 2002/01/28)";"Montarville (1999/08/11 - 2002/01/28)
Mount Royal (1988/11/21 - 1999/08/10)
Mount Royal (1984/09/04 - 1988/11/20)";"Quebec
Quebec
Quebec";F;Liberal Party of Canada (1984/09/04 - 2002/01/28)
Finlay, John Baird;1929-01-28;MP (1993/10/25 - 2004/06/27);Oxford (1993/10/25 - 2004/06/27);Ontario;M;Liberal Party of Canada (1993/10/25 - 2004/06/27)
Flis, Jesse Philip;1933-11-14;"MP (1988/11/21 - 1997/06/01)
MP (1979/05/22 - 1984/09/03)";"Parkdale--High Park (1988/11/21 - 1997/06/01)
Parkdale--High Park (1979/05/22 - 1984/09/03)";"Ontario
Ontario";M;"Liberal Party of Canada (1988/11/21 - 1997/06/01)
Liberal Party of Canada (1979/05/22 - 1984/09/03)"
Fontana, Joseph Frank (Joe);1950-01-12;"MP (1997/06/02 - 2006/09/20)
MP (1988/11/21 - 1997/06/01)";"London North Centre (1997/06/02 - 2006/09/20)
London East (1988/11/21 - 1997/06/01)";"Ontario
Ontario";M;Liberal Party of Canada (1988/11/21 - 2006/09/20)
Forrestall, J. Michael;1932-09-22;"MP (1968/06/25 - 1988/11/20)
MP (1965/11/08 - 1968/06/24)
Senator (1990/09/27 - 2006/06/08)";"Dartmouth/Eastern Shore (1990/09/27 - 2006/06/08)
Dartmouth--Halifax East (1968/06/25 - 1988/11/20)
Halifax (1965/11/08 - 1968/06/24)";"Nova Scotia
Nova Scotia
Nova Scotia";M;"Conservative Party of Canada (2004/02/02 - 2006/06/08)
Progressive Conservative Party (1990/09/27 - 2004/02/01)
Progressive Conservative Party (1965/11/08 - 1988/11/20)"
Forseth, Paul Eugene;1946-12-13;"MP (2004/06/28 - 2006/01/22)
MP (1997/06/02 - 2004/06/27)
MP (1993/10/25 - 1997/06/01)";"New Westminster--Coquitlam (2004/06/28 - 2006/01/22)
New Westminster--Coquitlam--Burnaby (1997/06/02 - 2004/06/27)
New Westminster--Burnaby (1993/10/25 - 1997/06/01)";"British Columbia
British Columbia
British Columbia";M;"Conservative Party of Canada (2003/12/23 - 2006/01/22)
Canadian Reform Conservative Alliance (2000/03/27 - 2003/12/22)
Reform Party of Canada (1993/10/25 - 2000/03/26)"
Frazer, John L. (Jack);1931-12-19;MP (1993/10/25 - 1997/06/01);Saanich--Gulf Islands (1993/10/25 - 1997/06/01);British Columbia;M;Reform Party of Canada (1993/10/25 - 1997/06/01)
Fry, Hedy;1941-08-05;MP (1993/10/25 - );Vancouver Centre (1993/10/25 - );British Columbia;F;Liberal Party of Canada (1993/10/25 - )
Gaffney, Beryl;1930-03-31;MP (1988/11/21 - 1997/06/01);Nepean (1988/11/21 - 1997/06/01);Ontario;F;Liberal Party of Canada (1988/11/21 - 1997/06/01)
Gagliano, Alfonso;1942-01-24;"MP (1997/06/02 - 2002/01/14)
MP (1988/11/21 - 1997/06/01)
MP (1984/09/04 - 1988/11/20)";"Saint-Léonard--Saint-Michel (1997/06/02 - 2002/01/14)
Saint-Léonard (1988/11/21 - 1997/06/01)
Saint-Léonard--Anjou (1984/09/04 - 1988/11/20)";"Quebec
Quebec
Quebec";M;Liberal Party of Canada (1984/09/04 - 2005/11/01)
Gagnon, Christiane;1948-04-15;MP (1993/10/25 - 2011/05/01);Québec (1993/10/25 - 2011/05/01);Quebec;F;Bloc Québécois (1993/10/25 - 2011/05/01)
Gagnon, Patrick;1962-02-11;MP (1993/10/25 - 1997/06/01);Bonaventure--Îles-de-la-Madeleine (1993/10/25 - 1997/06/01);Quebec;M;Liberal Party of Canada (1993/10/25 - 1997/06/01)
Gallaway, Roger John;1948-05-22;MP (1993/10/25 - 2006/01/22);Sarnia--Lambton (1993/10/25 - 2006/01/22);Ontario;M;Liberal Party of Canada (1993/10/25 - 2006/01/22)
Gauthier, Jean-Robert;1929-10-21;"MP (1974/07/08 - 1994/11/22)
MP (1972/10/30 - 1974/07/07)
Senator (1994/11/23 - 2004/10/22)";"Ottawa-Vanier (2001/12/04 - 2004/10/22)
Ontario (1994/11/23 - 2001/12/03)
Ottawa--Vanier (1974/07/08 - 1994/11/22)
Ottawa East (1972/10/30 - 1974/07/07)";"Ontario
Ontario
Ontario
Ontario";M;Liberal Party of Canada (1972/10/30 - 2004/10/22)
Gauthier, Michel;1950-02-17;"MP (2004/09/01 - 2007/07/29)
MP (1993/10/25 - 2004/08/31)";"Roberval--Lac-Saint-Jean (2004/09/01 - 2007/07/29)
Roberval (1993/10/25 - 2004/08/31)";"Quebec
Quebec";M;Bloc Québécois (1993/10/25 - 2007/07/29)
Gerrard, Jon;1947-10-12;MP (1993/10/25 - 1997/06/01);Portage--Interlake (1993/10/25 - 1997/06/01);Manitoba;M;Liberal Party of Canada (1993/10/25 - 1997/06/01)
Gilmour, William (Bill) Douglas;1942-12-28;"MP (1997/06/02 - 2000/11/26)
MP (1993/10/25 - 1997/06/01)";"Nanaimo--Alberni (1997/06/02 - 2000/11/26)
Comox--Alberni (1993/10/25 - 1997/06/01)";"British Columbia
British Columbia";M;"Canadian Reform Conservative Alliance (2000/03/27 - 2000/11/26)
Reform Party of Canada (1993/10/25 - 2000/03/26)"
Godfrey, John Ferguson;1942-12-18;MP (1993/10/25 - 2008/08/01);Don Valley West (1993/10/25 - 2008/08/01);Ontario;M;Liberal Party of Canada (1993/10/25 - 2008/08/01)
Godin, Maurice;1932-10-20;MP (1993/10/25 - 2000/11/26);Châteauguay (1993/10/25 - 2000/11/26);Quebec;M;Bloc Québécois (1993/10/25 - 2000/11/26)
Goodale, Ralph;1949-10-04;"MP (2015/10/19 - 2019/10/20)
MP (1997/06/02 - 2015/10/18)
MP (1993/10/25 - 1997/06/01)
MP (1974/07/08 - 1979/05/21)";"Regina--Wascana (2015/10/19 - 2019/10/20)
Wascana (1997/06/02 - 2015/10/18)
Regina--Wascana (1993/10/25 - 1997/06/01)
Assiniboia (1974/07/08 - 1979/05/21)";"Saskatchewan
Saskatchewan
Saskatchewan
Saskatchewan";M;"Liberal Party of Canada (1993/10/25 - 2019/10/20)
Liberal Party of Canada (1974/07/08 - 1979/05/21)"
Gouk, James William (Jim);1946-04-14;"MP (2004/09/01 - 2006/01/22)
MP (2004/06/28 - 2004/08/31)
MP (1998/06/18 - 2004/06/27)
MP (1997/06/02 - 1998/06/17)
MP (1993/10/25 - 1997/06/01)";"British Columbia Southern Interior (2004/09/01 - 2006/01/22)
Southern Interior (2004/06/28 - 2004/08/31)
Kootenay--Boundary--Okanagan (1998/06/18 - 2004/06/27)
West Kootenay--Okanagan (1997/06/02 - 1998/06/17)
Kootenay West--Revelstoke (1993/10/25 - 1997/06/01)";"British Columbia
British Columbia
British Columbia
British Columbia
British Columbia";M;"Conservative Party of Canada (2003/12/23 - 2006/01/22)
Canadian Reform Conservative Alliance (2000/03/27 - 2003/12/22)
Reform Party of Canada (1993/10/25 - 2000/03/26)"
Graham, Bill;1939-03-16;"MP (2004/06/28 - 2007/07/02)
MP (1997/06/02 - 2004/06/27)
MP (1993/10/25 - 1997/06/01)";"Toronto Centre (2004/06/28 - 2007/07/02)
Toronto Centre--Rosedale (1997/06/02 - 2004/06/27)
Rosedale (1993/10/25 - 1997/06/01)";"Ontario
Ontario
Ontario";M;Liberal Party of Canada (1993/10/25 - 2007/07/02)
Gray, Herbert Eser (Herb);1931-05-24;"MP (1968/06/25 - 2002/01/14)
MP (1962/06/18 - 1968/06/24)";"Windsor West (1968/06/25 - 2002/01/14)
Essex West (1962/06/18 - 1968/06/24)";"Ontario
Ontario";M;Liberal Party of Canada (1962/06/18 - 2002/01/14)
Grey, Deborah C.;1952-06-30;"MP (1997/06/02 - 2004/06/27)
MP (1989/03/13 - 1997/06/01)";"Edmonton North (1997/06/02 - 2004/06/27)
Beaver River (1989/03/13 - 1997/06/01)";"Alberta
Alberta";F;"Conservative Party of Canada (2003/12/23 - 2004/06/27)
Canadian Reform Conservative Alliance (2002/04/16 - 2003/12/22)
Independent (2002/04/10 - 2002/04/16)
Canadian Reform Conservative Alliance (2000/03/27 - 2002/04/09)
Reform Party of Canada (1989/03/13 - 2000/03/26)"
Grose, Ivan;1928-10-07;MP (1993/10/25 - 2004/06/27);Oshawa (1993/10/25 - 2004/06/27);Ontario;M;Liberal Party of Canada (1993/10/25 - 2004/06/27)
Grubel, Herbert G. ( Herb);1934-02-25;MP (1993/10/25 - 1997/06/01);Capilano--Howe Sound (1993/10/25 - 1997/06/01);British Columbia;M;Reform Party of Canada (1993/10/25 - 1997/06/01)
Guarnieri, Albina;1953-06-22;"MP (2004/06/28 - 2011/05/01)
MP (1988/11/21 - 2004/06/27)";"Mississauga East--Cooksville (2004/06/28 - 2011/05/01)
Mississauga East (1988/11/21 - 2004/06/27)";"Ontario
Ontario";F;Liberal Party of Canada (1988/11/21 - 2011/05/01)
Guay, Monique;1959-10-26;"MP (2004/06/28 - 2011/05/01)
MP (1993/10/25 - 2004/06/27)";"Rivière-du-Nord (2004/06/28 - 2011/05/01)
Laurentides (1993/10/25 - 2004/06/27)";"Quebec
Quebec";F;Bloc Québécois (1993/10/25 - 2011/05/01)
Guimond, Michel;1953-12-25;"MP (2004/09/01 - 2011/05/01)
MP (2004/06/28 - 2004/08/31)
MP (1998/06/18 - 2004/06/27)
MP (1993/10/25 - 1998/06/17)";"Montmorency--Charlevoix--Haute-Côte-Nord (2004/09/01 - 2011/05/01)
Charlevoix--Montmorency (2004/06/28 - 2004/08/31)
Beauport--Montmorency--Côte-de-Beaupré--Île-d'Orléans (1998/06/18 - 2004/06/27)
Beauport--Montmorency--Orléans (1993/10/25 - 1998/06/17)";"Quebec
Quebec
Quebec
Quebec";M;Bloc Québécois (1993/10/25 - 2011/05/01)
Gustafson, Leonard J.;1933-11-09;"MP (1988/11/21 - 1993/05/25)
MP (1979/05/22 - 1988/11/20)
Senator (1993/05/26 - 2008/11/10)";"Saskatchewan (1993/05/26 - 2008/11/10)
Souris--Moose Mountain (1988/11/21 - 1993/05/25)
Assiniboia (1979/05/22 - 1988/11/20)";"Saskatchewan
Saskatchewan
Saskatchewan";M;"Conservative Party of Canada (2004/02/02 - 2008/11/10)
Progressive Conservative Party (1979/05/22 - 2004/02/01)"
Haidasz, Stanley;1923-03-03;"MP (1962/06/18 - 1978/03/22)
MP (1957/06/10 - 1958/03/30)
Senator (1978/03/23 - 1998/03/04)";"Toronto-Parkdale (1978/03/23 - 1998/03/04)
Parkdale (1962/06/18 - 1978/03/22)
Trinity (1957/06/10 - 1958/03/30)";"Ontario
Ontario
Ontario";M;"Liberal Party of Canada (1962/06/18 - 1998/03/04)
Liberal Party of Canada (1957/06/10 - 1958/03/30)"
Hanger, Art;1943-02-18;MP (1993/10/25 - 2008/10/13);Calgary Northeast (1993/10/25 - 2008/10/13);Alberta;M;"Conservative Party of Canada (2003/12/23 - 2008/10/13)
Canadian Reform Conservative Alliance (2000/03/27 - 2003/12/22)
Reform Party of Canada (1993/10/25 - 2000/03/26)"
Hanrahan, Hugh F.;1947-01-15;MP (1993/10/25 - 1997/06/01);Edmonton--Strathcona (1993/10/25 - 1997/06/01);Alberta;M;Reform Party of Canada (1993/10/25 - 1997/06/01)
Harb, Mac;1953-11-09;"MP (1988/11/21 - 2003/09/08)
Senator (2003/09/09 - 2013/08/26)";"Ontario (2003/09/09 - 2013/08/26)
Ottawa Centre (1988/11/21 - 2003/09/08)";"Ontario
Ontario";M;"Independent (2013/05/10 - 2013/08/26)
Liberal Party of Canada (1988/11/21 - 2013/05/09)"
Harper, Edward (Ed);1931-04-08;MP (1993/10/25 - 1997/06/01);Simcoe Centre (1993/10/25 - 1997/06/01);Ontario;M;Reform Party of Canada (1993/10/25 - 1997/06/01)
Harper, Elijah;1949-03-02;MP (1993/10/25 - 1997/06/01);Churchill (1993/10/25 - 1997/06/01);Manitoba;M;Liberal Party of Canada (1993/10/25 - 1997/06/02)
Harper, Stephen;1959-04-29;"MP (2015/10/19 - 2016/08/26)
MP (2002/05/13 - 2015/10/18)
MP (1993/10/25 - 1997/01/14)";"Calgary Heritage (2015/10/19 - 2016/08/26)
Calgary Southwest (2002/05/13 - 2015/10/18)
Calgary West (1993/10/25 - 1997/01/14)";"Alberta
Alberta
Alberta";M;"Conservative Party of Canada (2003/12/23 - 2016/08/26)
Canadian Reform Conservative Alliance (2002/05/13 - 2003/12/22)
Reform Party of Canada (1993/10/25 - 1997/01/14)"
Harris, Richard M.;1944-09-05;"MP (2004/06/28 - 2015/10/18)
MP (1993/10/25 - 2004/06/27)";"Cariboo--Prince George (2004/06/28 - 2015/10/18)
Prince George--Bulkley Valley (1993/10/25 - 2004/06/27)";"British Columbia
British Columbia";M;"Conservative Party of Canada (2003/12/23 - 2015/10/18)
Canadian Reform Conservative Alliance (2000/03/27 - 2003/12/22)
Reform Party of Canada (1993/10/25 - 2000/03/26)"
Hart, James (Jim) Alexander;1955-10-29;"MP (1997/06/02 - 2000/07/17)
MP (1993/10/25 - 1997/06/01)";"Okanagan--Coquihalla (1997/06/02 - 2000/07/17)
Okanagan--Similkameen--Merritt (1993/10/25 - 1997/06/01)";"British Columbia
British Columbia";M;"Canadian Reform Conservative Alliance (2000/03/27 - 2000/07/17)
Reform Party of Canada (1993/10/25 - 2000/03/26)"
Harvard, John;1938-06-03;"MP (1998/06/18 - 2004/05/06)
MP (1997/06/02 - 1998/06/17)
MP (1988/11/21 - 1997/06/01)";"Charleswood St. James--Assiniboia (1998/06/18 - 2004/05/06)
Charleswood--Assiniboine (1997/06/02 - 1998/06/17)
Winnipeg--St. James (1988/11/21 - 1997/06/01)";"Manitoba
Manitoba
Manitoba";M;Liberal Party of Canada (1988/11/21 - 2004/05/06)
Hayes, Sharon Ruth;1948-01-14;MP (1993/10/25 - 1997/10/01);Port Moody--Coquitlam (1993/10/25 - 1997/10/01);British Columbia;F;Reform Party of Canada (1993/10/25 - 1997/10/01)
Hermanson, Elwin Norris;1952-08-21;MP (1993/10/25 - 1997/06/01);Kindersley--Lloydminster (1993/10/25 - 1997/06/01);Saskatchewan;M;Reform Party of Canada (1993/10/25 - 1997/06/01)
Hervieux-Payette, Céline;1941-04-21;"MP (1979/05/22 - 1984/09/03)
Senator (1995/03/21 - 2016/04/22)";"Bedford (1995/03/21 - 2016/04/22)
Mercier (1979/05/22 - 1984/09/03)";"Quebec
Quebec";F;"Liberal Party of Canada (1995/03/21 - 2016/04/22)
Liberal Party of Canada (1979/05/22 - 1984/09/03)"
Hickey, Patricia (Bonnie);1955-03-04;MP (1993/10/25 - 1997/06/01);St. John's East (1993/10/25 - 1997/06/01);Newfoundland and Labrador;F;Liberal Party of Canada (1993/10/25 - 1997/06/01)
Hill, Grant;1943-09-19;MP (1993/10/25 - 2004/06/27);Macleod (1993/10/25 - 2004/06/27);Alberta;M;"Conservative Party of Canada (2004/02/02 - 2004/06/27)
Progressive Conservative Party (2003/12/12 - 2004/02/01)
Canadian Reform Conservative Alliance (2000/03/27 - 2003/12/11)
Reform Party of Canada (1993/10/25 - 2000/03/26)"
Hill, Jay D.;1952-12-26;MP (1993/10/25 - 2010/10/25);Prince George--Peace River (1993/10/25 - 2010/10/25);British Columbia;M;"Conservative Party of Canada (2003/12/23 - 2010/10/25)
Canadian Reform Conservative Alliance (2002/04/16 - 2003/12/22)
Independent (2002/04/10 - 2002/04/15)
Canadian Reform Conservative Alliance (2000/03/27 - 2002/04/09)
Reform Party of Canada (1993/10/25 - 2000/03/26)"
Hnatyshyn, Ramon John;1934-03-15;"MP (1979/05/22 - 1988/11/20)
MP (1974/07/08 - 1979/05/21)";"Saskatoon West (1979/05/22 - 1988/11/20)
Saskatoon--Biggar (1974/07/08 - 1979/05/21)";"Saskatchewan
Saskatchewan";M;Progressive Conservative Party (1974/07/08 - 1988/11/21)
Hoeppner, Jake E.;1936-01-31;"MP (1997/06/02 - 2000/11/26)
MP (1993/10/25 - 1997/06/01)";"Portage--Lisgar (1997/06/02 - 2000/11/26)
Lisgar--Marquette (1993/10/25 - 1997/06/01)";"Manitoba
Manitoba";M;"Independent (2000/04/04 - 2000/11/26)
Independent Reform (1999/09/28 - 2000/04/03)
Reform Party of Canada (1993/10/25 - 1999/09/27)"
Hopkins, Leonard Donald;1930-06-11;"MP (1989/12/29 - 1997/06/01)
MP (1988/11/21 - 1989/12/28)
MP (1979/05/22 - 1988/11/20)
MP (1972/10/30 - 1979/05/21)
MP (1965/11/08 - 1972/10/29)";"Renfrew--Nipissing--Pembroke (1989/12/29 - 1997/06/01)
Renfrew (1988/11/21 - 1989/12/28)
Renfrew--Nipissing--Pembroke (1979/05/22 - 1988/11/20)
Renfrew North--Nipissing East (1972/10/30 - 1979/05/21)
Renfrew North (1965/11/08 - 1972/10/29)";"Ontario
Ontario
Ontario
Ontario
Ontario";M;Liberal Party of Canada (1965/11/08 - 1997/06/01)
Hubbard, Charles;1940-10-28;MP (1993/10/25 - 2008/10/13);Miramichi (1993/10/25 - 2008/10/13);New Brunswick;M;Liberal Party of Canada (1993/10/25 - 2008/10/13)
Ianno, Tony;1957-01-01;MP (1993/10/25 - 2006/01/22);Trinity--Spadina (1993/10/25 - 2006/01/22);Ontario;M;Liberal Party of Canada (1993/10/25 - 2006/01/22)
Iftody, David;1956-06-14;MP (1993/10/25 - 2000/11/26);Provencher (1993/10/25 - 2000/11/26);Manitoba;M;Liberal Party of Canada (1993/10/25 - 2000/11/27)
Irwin, Ron;1936-10-28;"MP (1993/10/25 - 1997/06/01)
MP (1980/02/18 - 1984/09/03)";"Sault Ste. Marie (1993/10/25 - 1997/06/01)
Sault Ste. Marie (1980/02/18 - 1984/09/03)";"Ontario
Ontario";M;"Liberal Party of Canada (1993/10/25 - 1997/06/01)
Liberal Party of Canada (1980/02/18 - 1984/09/03)"
Jackson, Ovid L.;1939-02-02;"MP (2000/06/29 - 2004/06/27)
MP (1993/10/25 - 2000/06/28)";"Bruce--Grey--Owen Sound (2000/06/29 - 2004/06/27)
Bruce--Grey (1993/10/25 - 2000/06/28)";"Ontario
Ontario";M;Liberal Party of Canada (1993/10/25 - 2004/06/27)
Jacob, Jean-Marc;1947-02-17;MP (1993/10/25 - 1997/06/01);Charlesbourg (1993/10/25 - 1997/06/01);Quebec;M;"Bloc Québécois (1996/11/14 - 1997/06/01)
Bloc Québécois (Not in Caucus) (1996/11/04 - 1996/11/13)
Bloc Québécois (1993/10/25 - 1996/11/03)"
Jennings, Daphne G.;1939-01-25;MP (1993/10/25 - 1997/06/01);Mission--Coquitlam (1993/10/25 - 1997/06/01);British Columbia;F;Reform Party of Canada (1993/10/25 - 1997/06/01)
Johnston, F. Dale;1941-11-13;MP (1993/10/25 - 2006/01/22);Wetaskiwin (1993/10/25 - 2006/01/22);Alberta;M;"Conservative Party of Canada (2003/12/23 - 2006/01/22)
Canadian Reform Conservative Alliance (2000/03/27 - 2003/12/22)
Reform Party of Canada (1993/10/25 - 2000/03/26)"
Jordan, Jim;1928-09-01;MP (1988/11/21 - 1997/06/01);Leeds--Grenville (1988/11/21 - 1997/06/01);Ontario;M;Liberal Party of Canada (1988/11/21 - 1997/06/01)
Karygiannis, Jim;1955-05-01;MP (1988/11/21 - 2014/04/01);Scarborough--Agincourt (1988/11/21 - 2014/04/01);Ontario;M;Liberal Party of Canada (1988/11/21 - 2014/04/01)
Kelleher, James Francis;1930-10-01;"MP (1984/09/04 - 1988/11/20)
Senator (1990/09/23 - 2005/10/02)";"Ontario (1990/09/23 - 2005/10/02)
Sault Ste. Marie (1984/09/04 - 1988/11/20)";"Ontario
Ontario";M;"Conservative Party of Canada (2004/02/02 - 2005/10/02)
Progressive Conservative Party (1984/09/04 - 2004/02/01)"
Kerpan, Allan Edward Joseph;1954-12-08;"MP (1997/06/02 - 2000/11/26)
MP (1993/10/25 - 1997/06/01)";"Blackstrap (1997/06/02 - 2000/11/26)
Moose Jaw--Lake Centre (1993/10/25 - 1997/06/01)";"Saskatchewan
Saskatchewan";M;"Canadian Reform Conservative Alliance (2000/03/27 - 2000/11/26)
Reform Party of Canada (1993/10/25 - 2000/03/26)"
Keyes, Stan Kazmierczak;1953-05-16;MP (1988/11/21 - 2004/06/27);Hamilton West (1988/11/21 - 2004/06/27);Ontario;M;Liberal Party of Canada (1988/11/21 - 2004/06/27)
Kilger, Robert (Bob);1944-06-28;"MP (1999/03/11 - 2004/06/27)
MP (1988/11/21 - 1999/03/10)";"Stormont--Dundas--Charlottenburgh (1999/03/11 - 2004/06/27)
Stormont--Dundas (1988/11/21 - 1999/03/10)";"Ontario
Ontario";M;Liberal Party of Canada (1988/11/21 - 2004/06/27)
Kilgour, David;1941-02-17;"MP (2004/09/01 - 2006/01/22)
MP (2004/06/28 - 2004/08/31)
MP (1988/11/21 - 2004/06/27)
MP (1979/05/22 - 1988/11/20)";"Edmonton--Mill Woods--Beaumont (2004/09/01 - 2006/01/22)
Edmonton--Beaumont (2004/06/28 - 2004/08/31)
Edmonton Southeast (1988/11/21 - 2004/06/27)
Edmonton--Strathcona (1979/05/22 - 1988/11/20)";"Alberta
Alberta
Alberta
Alberta";M;"Independent (2005/04/13 - 2008/10/13)
Liberal Party of Canada (1991/01/31 - 2005/04/12)
Independent (1990/10/25 - 1991/01/30)
Progressive Conservative Party (1979/05/22 - 1990/10/24)"
Kirkby, Gordon;1958-09-25;MP (1993/10/25 - 1997/06/01);Prince Albert--Churchill River (1993/10/25 - 1997/06/01);Saskatchewan;M;Liberal Party of Canada (1993/10/25 - 1997/06/01)
Knutson, Gar;1956-05-03;"MP (1997/06/02 - 2004/06/27)
MP (1993/10/25 - 1997/06/01)";"Elgin--Middlesex--London (1997/06/02 - 2004/06/27)
Elgin--Norfolk (1993/10/25 - 1997/06/01)";"Ontario
Ontario";M;Liberal Party of Canada (1993/10/25 - 2004/06/28)
Kraft Sloan, Karen;1952-04-02;"MP (1997/06/02 - 2004/06/27)
MP (1993/10/25 - 1997/06/01)";"York North (1997/06/02 - 2004/06/27)
York--Simcoe (1993/10/25 - 1997/06/01)";"Ontario
Ontario";F;Liberal Party of Canada (1993/10/25 - 2004/06/27)
Lalonde, Francine;1940-08-23;"MP (2004/06/28 - 2011/05/01)
MP (1993/10/25 - 2004/06/27)";"La Pointe-de-l'Île (2004/06/28 - 2011/05/01)
Mercier (1993/10/25 - 2004/06/27)";"Quebec
Quebec";F;Bloc Québécois (1993/10/25 - 2011/05/01)
Landry, Jean;1948-10-02;MP (1993/10/25 - 1997/06/01);Lotbinière (1993/10/25 - 1997/06/01);Quebec;M;Bloc Québécois (1993/10/25 - 1997/06/01)
Langlois, François;1948-01-05;MP (1993/10/25 - 1997/06/01);Bellechasse (1993/10/25 - 1997/06/01);Quebec;M;Bloc Québécois (1993/10/25 - 1997/06/01)
Lastewka, Walt;1940-10-10;MP (1993/10/25 - 2006/01/22);St. Catharines (1993/10/25 - 2006/01/22);Ontario;M;Liberal Party of Canada (1993/10/25 - 2006/01/22)
Laurin, René;1940-02-03;MP (1993/10/25 - 2000/11/26);Joliette (1993/10/25 - 2000/11/26);Quebec;M;Bloc Québécois (1993/10/25 - 2000/11/26)
Lavigne, Laurent;1935-08-09;MP (1993/10/25 - 1997/06/01);Beauharnois--Salaberry (1993/10/25 - 1997/06/01);Quebec;M;Bloc Québécois (1993/10/25 - 1997/06/01)
Lavigne, Raymond;1945-11-15;"MP (2000/06/29 - 2002/03/25)
MP (1997/06/02 - 2000/06/28)
MP (1993/10/25 - 1997/06/01)
Senator (2002/03/26 - 2011/03/21)";"Montarville (2002/03/26 - 2011/03/21)
Verdun--Saint-Henri--Saint-Paul--Pointe Saint-Charles (2000/06/29 - 2002/03/25)
Verdun--Saint-Henri (1997/06/02 - 2000/06/28)
Verdun--Saint-Paul (1993/10/25 - 1997/06/01)";"Quebec
Quebec
Quebec
Quebec";M;Liberal Party of Canada (1993/10/25 - 2011/03/21)
Lebel, Ghislain;1946-02-16;MP (1993/10/25 - 2004/06/27);Chambly (1993/10/25 - 2004/06/27);Quebec;M;"Independent (2002/08/20 - 2004/06/27)
Bloc Québécois (1993/10/25 - 2002/08/19)"
LeBlanc, Francis G.;1953-12-21;MP (1988/11/21 - 1997/06/01);Cape Breton Highlands--Canso (1988/11/21 - 1997/06/01);Nova Scotia;M;Liberal Party of Canada (1988/11/21 - 1997/06/01)
Leblanc, Nic;1941-11-14;MP (1984/09/04 - 1997/06/01);Longueuil (1984/09/04 - 1997/06/01);Quebec;M;"Independent Sovereignist (1997/03/17 - 1997/06/01)
Bloc Québécois (1990/12/20 - 1997/03/16)
Independent (1990/06/26 - 1990/12/19)
Progressive Conservative Party (1984/09/04 - 1990/06/25)"
LeBlanc, Roméo;1927-12-17;"MP (1972/10/30 - 1984/06/28)
Senator (1984/06/29 - 1994/11/21)";"Beauséjour (1984/06/29 - 1994/11/21)
Westmorland--Kent (1972/10/30 - 1984/06/28)";"New Brunswick
New Brunswick";M;Liberal Party of Canada (1972/10/30 - 1994/11/21)
Lee, Derek Vincent;1948-10-01;MP (1988/11/21 - 2011/05/01);Scarborough--Rouge River (1988/11/21 - 2011/05/01);Ontario;M;Liberal Party of Canada (1988/11/21 - 2011/05/01)
Lefebvre, Réjean;1943-05-31;MP (1993/10/25 - 2000/11/26);Champlain (1993/10/25 - 2000/11/26);Quebec;M;"Independent (1999/01/05 - 2000/11/26)
Bloc Québécois (1993/10/25 - 1999/01/04)"
Leroux, Gaston;1948-09-30;MP (1993/10/25 - 1997/06/01);Richmond--Wolfe (1993/10/25 - 1997/06/01);Quebec;M;Bloc Québécois (1993/10/25 - 1997/06/01)
Leroux, Jean H.;1949-02-05;MP (1993/10/25 - 1997/06/01);Shefford (1993/10/25 - 1997/06/01);Quebec;M;Bloc Québécois (1993/10/25 - 1997/06/01)
Lincoln, Clifford;1928-08-31;"MP (1997/06/02 - 2004/06/27)
MP (1993/10/25 - 1997/06/01)";"Lac-Saint-Louis (1997/06/02 - 2004/06/27)
Lachine--Lac-Saint-Louis (1993/10/25 - 1997/06/01)";"Quebec
Quebec";M;Liberal Party of Canada (1993/10/25 - 2004/06/27)
Loney, Edison John Clayton;1929-02-22;"MP (1993/10/25 - 1997/06/01)
MP (1963/04/08 - 1968/06/24)";"Edmonton North (1993/10/25 - 1997/06/01)
Bruce (1963/04/08 - 1968/06/24)";"Alberta
Ontario";M;"Liberal Party of Canada (1993/10/25 - 1997/06/01)
Progressive Conservative Party (1963/04/08 - 1968/06/24)"
Loubier, Yvan;1959-04-09;MP (1993/10/25 - 2007/02/21);Saint-Hyacinthe--Bagot (1993/10/25 - 2007/02/21);Quebec;M;Bloc Québécois (1993/10/25 - 2007/02/21)
MacAulay, Lawrence;1946-09-08;MP (1988/11/21 - );Cardigan (1988/11/21 - );Prince Edward Island;M;Liberal Party of Canada (1988/11/21 - )
MacDonald, Ronald;1955-06-22;MP (1988/11/21 - 1997/06/01);Dartmouth (1988/11/21 - 1997/06/01);Nova Scotia;M;Liberal Party of Canada (1988/11/21 - 1997/06/01)
MacEachen, Allan Joseph;1921-07-05;"MP (1968/06/25 - 1984/06/28)
MP (1962/06/18 - 1968/06/24)
MP (1953/08/10 - 1958/03/30)
Senator (1984/06/29 - 1996/07/06)";"Highlands-Canso (1984/06/29 - 1996/07/06)
Cape Breton Highlands--Canso (1968/06/25 - 1984/06/28)
Inverness--Richmond (1962/06/18 - 1968/06/24)
Inverness--Richmond (1953/08/10 - 1958/03/30)";"Nova Scotia
Nova Scotia
Nova Scotia
Nova Scotia";M;"Liberal Party of Canada (1962/06/18 - 1996/07/06)
Liberal Party of Canada (1953/08/10 - 1958/03/30)"
MacLaren, Roy;1934-10-25;"MP (1988/11/21 - 1996/01/24)
MP (1979/05/22 - 1984/09/03)";"Etobicoke North (1988/11/21 - 1996/01/24)
Etobicoke North (1979/05/22 - 1984/09/03)";"Ontario
Ontario";M;"Liberal Party of Canada (1988/11/21 - 1996/01/24)
Liberal Party of Canada (1979/05/22 - 1984/09/03)"
MacLellan, Russell Gregoire;1940-01-15;"MP (1988/11/21 - 1997/06/01)
MP (1979/05/22 - 1988/11/20)";"Cape Breton--The Sydneys (1988/11/21 - 1997/06/01)
Cape Breton--The Sydneys (1979/05/22 - 1988/11/20)";"Nova Scotia
Nova Scotia";M;Liberal Party of Canada (1979/05/22 - 1997/06/01)
Macquarrie, Heath Nelson;1919-09-17;"MP (1968/06/25 - 1979/05/21)
MP (1957/06/10 - 1968/06/24)
Senator (1979/10/03 - 1994/09/18)";"Hillsborough (1979/10/03 - 1994/09/18)
Hillsborough (1968/06/25 - 1979/05/21)
Queen's (1957/06/10 - 1968/06/24)";"Prince Edward Island
Prince Edward Island
Prince Edward Island";M;Progressive Conservative Party (1957/06/10 - 1994/09/18)
Maheu, Shirley;1931-10-06;"MP (1989/12/29 - 1996/01/31)
MP (1988/11/21 - 1989/12/28)
Senator (1996/02/01 - 2006/02/01)";"Rougemont (1996/02/01 - 2006/02/01)
Saint-Laurent--Cartierville (1989/12/29 - 1996/01/31)
Saint-Laurent (1988/11/21 - 1989/12/28)";"Quebec
Quebec
Quebec";F;Liberal Party of Canada (1988/11/21 - 2006/02/01)
Malhi, Gurbax Singh;1949-10-11;"MP (2004/06/28 - 2011/05/01)
MP (1998/06/18 - 2004/06/27)
MP (1993/10/25 - 1998/06/17)";"Bramalea--Gore--Malton (2004/06/28 - 2011/05/01)
Bramalea--Gore--Malton--Springdale (1998/06/18 - 2004/06/27)
Bramalea--Gore--Malton (1993/10/25 - 1998/06/17)";"Ontario
Ontario
Ontario";M;Liberal Party of Canada (1993/10/25 - 2011/05/01)
Maloney, John;1945-01-04;"MP (2004/06/28 - 2008/10/13)
MP (1997/06/02 - 2004/06/27)
MP (1993/10/25 - 1997/06/01)";"Welland (2004/06/28 - 2008/10/13)
Erie--Lincoln (1997/06/02 - 2004/06/27)
Erie (1993/10/25 - 1997/06/01)";"Ontario
Ontario
Ontario";M;Liberal Party of Canada (1993/10/25 - 2008/10/13)
Manley, John Paul;1950-01-04;MP (1988/11/21 - 2004/06/27);Ottawa South (1988/11/21 - 2004/06/27);Ontario;M;Liberal Party of Canada (1988/11/21 - 2004/06/27)
Manning, Ernest Preston;1942-06-09;MP (1993/10/25 - 2002/01/31);Calgary Southwest (1993/10/25 - 2002/01/31);Alberta;M;"Canadian Reform Conservative Alliance (2000/03/27 - 2002/01/31)
Reform Party of Canada (1987/11/01 - 2000/03/26)
Social Credit Party of Canada (1965/11/08 - 1987/10/31)"
Marchand, Jean-Paul;1944-09-12;"MP (1997/06/02 - 2000/11/26)
MP (1993/10/25 - 1997/06/01)";"Québec East (1997/06/02 - 2000/11/26)
Québec-Est (1993/10/25 - 1997/06/01)";"Quebec
Quebec";M;Bloc Québécois (1993/10/25 - 2000/11/26)
Marchand, Len;1933-11-15;"MP (1968/06/25 - 1979/05/21)
Senator (1984/06/29 - 1998/03/01)";"Kamloops-Cariboo (1984/06/29 - 1998/03/01)
Kamloops--Cariboo (1968/06/25 - 1979/05/21)";"British Columbia
British Columbia";M;"Liberal Party of Canada (1984/06/29 - 1998/03/01)
Liberal Party of Canada (1968/06/25 - 1979/05/21)"
Marchi, Sergio;1956-05-11;MP (1984/09/04 - 1999/08/02);York West (1984/09/04 - 1999/08/02);Ontario;M;Liberal Party of Canada (1984/09/04 - 1999/08/02)
Marleau, Diane;1943-06-20;MP (1988/11/21 - 2008/10/13);Sudbury (1988/11/21 - 2008/10/13);Ontario;F;Liberal Party of Canada (1988/11/21 - 2008/10/13)
Marshall, Jack;1919-11-25;"MP (1968/06/25 - 1978/03/22)
Senator (1978/03/23 - 1994/11/26)";"Humber-St. George's-St. Barbe (1978/03/23 - 1994/11/26)
Humber--St. George's--St. Barbe (1968/06/25 - 1978/03/22)";"Newfoundland and Labrador
Newfoundland and Labrador";M;Progressive Conservative Party (1968/06/25 - 1994/11/26)
Martin, Keith P.;1960-04-12;MP (1993/10/25 - 2011/05/01);Esquimalt--Juan de Fuca (1993/10/25 - 2011/05/01);British Columbia;M;"Liberal Party of Canada (2004/06/28 - 2011/05/01)
Independent (2004/01/14 - 2004/06/27)
Conservative Party of Canada (2003/12/23 - 2004/01/13)
Canadian Reform Conservative Alliance (2000/03/27 - 2003/12/22)
Reform Party of Canada (1993/10/25 - 2000/03/26)"
Martin, Paul Edgar Philippe;1938-08-27;MP (1988/11/21 - 2008/10/13);LaSalle--Émard (1988/11/21 - 2008/10/13);Quebec;M;Liberal Party of Canada (1988/11/21 - 2008/10/13)
Massé, Marcel;1940-06-22;MP (1993/10/25 - 1999/09/10);Hull--Aylmer (1993/10/25 - 1999/09/10);Quebec;M;Liberal Party of Canada (1993/10/25 - 1999/09/10)
Mayfield, Philip William;1937-11-06;MP (1993/10/25 - 2004/06/27);Cariboo--Chilcotin (1993/10/25 - 2004/06/27);British Columbia;M;"Conservative Party of Canada (2003/12/23 - 2004/06/27)
Canadian Reform Conservative Alliance (2000/03/27 - 2003/12/22)
Reform Party of Canada (1993/10/25 - 2000/03/26)"
McClelland, Ian G.;1942-06-21;MP (1993/10/25 - 2000/11/26);Edmonton Southwest (1993/10/25 - 2000/11/26);Alberta;M;"Canadian Reform Conservative Alliance (2000/03/27 - 2000/11/26)
Reform Party of Canada (1993/10/25 - 2000/03/26)"
McCormick, Larry;1940-01-03;"MP (1997/06/02 - 2004/06/27)
MP (1993/10/25 - 1997/06/01)";"Hastings--Frontenac--Lennox and Addington (1997/06/02 - 2004/06/27)
Hastings--Frontenac--Lennox and Addington (1993/10/25 - 1997/06/01)";"Ontario
Ontario";M;Liberal Party of Canada (1993/10/25 - 2004/06/27)
McGuire, Joseph Blair (Joe);1944-06-19;MP (1988/11/21 - 2008/10/13);Egmont (1988/11/21 - 2008/10/13);Prince Edward Island;M;Liberal Party of Canada (1988/11/21 - 2008/10/13)
McKinnon, Glen;1937-12-15;MP (1993/10/25 - 1997/06/01);Brandon--Souris (1993/10/25 - 1997/06/01);Manitoba;M;Liberal Party of Canada (1993/10/25 - 1997/06/01)
McLaughlin, Audrey Marlene;1936-11-06;MP (1987/07/20 - 1997/06/01);Yukon (1987/07/20 - 1997/06/01);Yukon;F;New Democratic Party (1987/07/20 - 1997/06/01)
McLellan, A. Anne;1950-08-30;"MP (2004/06/28 - 2006/01/22)
MP (1997/06/02 - 2004/06/27)
MP (1993/10/25 - 1997/06/01)";"Edmonton Centre (2004/06/28 - 2006/01/22)
Edmonton West (1997/06/02 - 2004/06/27)
Edmonton Northwest (1993/10/25 - 1997/06/01)";"Alberta
Alberta
Alberta";F;Liberal Party of Canada (1993/10/25 - 2006/01/22)
McTeague, Dan;1962-10-15;"MP (2004/06/28 - 2011/05/01)
MP (1997/06/02 - 2004/06/27)
MP (1993/10/25 - 1997/06/01)";"Pickering--Scarborough East (2004/06/28 - 2011/05/01)
Pickering--Ajax--Uxbridge (1997/06/02 - 2004/06/27)
Ontario (1993/10/25 - 1997/06/01)";"Ontario
Ontario
Ontario";M;Liberal Party of Canada (1993/10/25 - 2011/05/01)
McWhinney, Edward Watson (Ted);1924-05-18;MP (1993/10/25 - 2000/11/26);Vancouver Quadra (1993/10/25 - 2000/11/26);British Columbia;M;Liberal Party of Canada (1993/10/25 - 2000/11/26)
Ménard, Réal;1962-05-12;"MP (2004/06/28 - 2009/09/16)
MP (1993/10/25 - 2004/06/27)";"Hochelaga (2004/06/28 - 2009/09/16)
Hochelaga--Maisonneuve (1993/10/25 - 2004/06/27)";"Quebec
Quebec";M;Bloc Québécois (1993/10/25 - 2009/09/16)
Mercier, Paul;1924-07-25;"MP (1997/06/02 - 2000/11/26)
MP (1993/10/25 - 1997/06/01)";"Terrebonne--Blainville (1997/06/02 - 2000/11/26)
Blainville--Deux-Montagnes (1993/10/25 - 1997/06/01)";"Quebec
Quebec";M;Bloc Québécois (1993/10/25 - 2001/01/28)
Meredith, Valerie (Val);1949-04-21;"MP (1997/06/02 - 2004/06/27)
MP (1993/10/25 - 1997/06/01)";"South Surrey--White Rock--Langley (1997/06/02 - 2004/06/27)
Surrey--White Rock--South Langley (1993/10/25 - 1997/06/01)";"British Columbia
British Columbia";F;"Conservative Party of Canada (2003/12/23 - 2004/06/27)
Canadian Reform Conservative Alliance (2002/04/16 - 2003/12/22)
Independent (2002/04/10 - 2002/04/16)
Canadian Reform Conservative Alliance (2000/03/27 - 2002/04/09)
Reform Party of Canada (1993/10/25 - 2000/03/26)"
Mifflin, Fred J.;1938-02-05;MP (1988/11/21 - 2000/11/26);Bonavista--Trinity--Conception (1988/11/21 - 2000/11/26);Newfoundland and Labrador;M;Liberal Party of Canada (1988/11/21 - 2000/11/26)
Milliken, Peter Andrew Stewart;1946-11-11;MP (1988/11/21 - 2011/05/01);Kingston and the Islands (1988/11/21 - 2011/05/01);Ontario;M;Liberal Party of Canada (1988/11/21 - 2011/05/01)
Mills, Dennis Joseph;1946-07-18;"MP (2000/06/29 - 2004/06/27)
MP (1988/11/21 - 2000/06/28)";"Toronto--Danforth (2000/06/29 - 2004/06/27)
Broadview--Greenwood (1988/11/21 - 2000/06/28)";"Ontario
Ontario";M;"Liberal Party of Canada (1996/08/07 - 2004/06/27)
Independent Liberal (1996/05/08 - 1996/08/06)
Liberal Party of Canada (1988/11/21 - 1996/05/07)"
Mills, Robert (Bob);1941-07-27;MP (1993/10/25 - 2008/10/13);Red Deer (1993/10/25 - 2008/10/13);Alberta;M;"Conservative Party of Canada (2003/12/23 - 2008/10/13)
Canadian Reform Conservative Alliance (2000/03/27 - 2003/12/22)
Reform Party of Canada (1993/10/25 - 2000/03/26)"
Minna, Maria;1948-03-13;"MP (1997/06/02 - 2011/05/01)
MP (1993/10/25 - 1997/06/01)";"Beaches--East York (1997/06/02 - 2011/05/01)
Beaches--Woodbine (1993/10/25 - 1997/06/01)";"Ontario
Ontario";F;Liberal Party of Canada (1993/10/25 - 2011/05/01)
Mitchell, Andrew (Andy);1953-04-20;MP (1993/10/25 - 2006/01/22);Parry Sound--Muskoka (1993/10/25 - 2006/01/22);Ontario;M;Liberal Party of Canada (1993/10/25 - 2006/01/23)
Morrison, Lee Glen;1932-03-05;"MP (1997/06/02 - 2000/11/26)
MP (1993/10/25 - 1997/06/01)";"Cypress Hills--Grasslands (1997/06/02 - 2000/11/26)
Swift Current--Maple Creek--Assiniboia (1993/10/25 - 1997/06/01)";"Saskatchewan
Saskatchewan";M;"Canadian Reform Conservative Alliance (2000/03/27 - 2000/11/26)
Reform Party of Canada (1993/10/25 - 2000/03/26)"
Muir, Robert;1919-11-09;"MP (1968/06/25 - 1979/03/25)
MP (1957/06/10 - 1968/06/24)
Senator (1979/03/26 - 1994/11/10)";"Cape Breton-The Sydneys (1979/03/26 - 1994/11/10)
Cape Breton--The Sydneys (1968/06/25 - 1979/03/25)
Cape Breton North and Victoria (1957/06/10 - 1968/06/24)";"Nova Scotia
Nova Scotia
Nova Scotia";M;Progressive Conservative Party (1957/06/10 - 1994/11/10)
Murphy, John;1937-08-25;MP (1993/10/25 - 1997/06/01);Annapolis Valley--Hants (1993/10/25 - 1997/06/01);Nova Scotia;M;Liberal Party of Canada (1993/10/25 - 1997/06/01)
Murray, Ian;1951-05-06;MP (1993/10/25 - 2000/11/26);Lanark--Carleton (1993/10/25 - 2000/11/26);Ontario;M;Liberal Party of Canada (1993/10/25 - 2000/11/26)
Nault, Robert Daniel;1955-11-08;"MP (2015/10/19 - 2019/10/20)
MP (1988/11/21 - 2004/06/27)";"Kenora (2015/10/19 - 2019/10/20)
Kenora--Rainy River (1988/11/21 - 2004/06/27)";"Ontario
Ontario";M;"Liberal Party of Canada (2015/10/19 - 2019/10/20)
Liberal Party of Canada (1988/11/21 - 2004/06/27)"
Nunez, Osvaldo;1938-09-09;MP (1993/10/25 - 1997/06/01);Bourassa (1993/10/25 - 1997/06/01);Quebec;M;Bloc Québécois (1993/10/25 - 1997/06/01)
Nunziata, John V.;1955-01-03;MP (1984/09/04 - 2000/11/26);York South--Weston (1984/09/04 - 2000/11/26);Ontario;M;"Independent (1997/06/02 - 2000/11/26)
Liberal Party of Canada (1984/09/04 - 1997/06/01)"
O'Brien, Lawrence D.;1951-03-30;MP (1996/03/25 - 2004/12/16);Labrador (1996/03/25 - 2004/12/16);Newfoundland and Labrador;M;Liberal Party of Canada (1996/03/25 - 2004/12/16)
O'Brien, Pat;1948-01-12;"MP (1997/06/02 - 2006/01/22)
MP (1993/10/25 - 1997/06/01)";"London--Fanshawe (1997/06/02 - 2006/01/22)
London--Middlesex (1993/10/25 - 1997/06/01)";"Ontario
Ontario";M;"Independent (2005/06/06 - 2006/01/22)
Liberal Party of Canada (1993/10/25 - 2005/06/05)"
O'Reilly, John Francis;1940-08-03;"MP (1998/06/18 - 2004/06/27)
MP (1993/10/25 - 1998/06/17)";"Haliburton--Victoria--Brock (1998/06/18 - 2004/06/27)
Victoria--Haliburton (1993/10/25 - 1998/06/17)";"Ontario
Ontario";M;Liberal Party of Canada (1993/10/25 - 2004/06/27)
Olson, Horace Andrew (Bud);1925-10-05;"MP (1962/06/18 - 1972/10/29)
MP (1957/06/10 - 1958/03/30)
Senator (1977/04/05 - 1996/03/07)";"Alberta South (1977/04/05 - 1996/03/07)
Medicine Hat (1962/06/18 - 1972/10/29)
Medicine Hat (1957/06/10 - 1958/03/30)";"Alberta
Alberta
Alberta";M;"Liberal Party of Canada (1977/04/05 - 1996/03/07)
Liberal Party of Canada (1967/09/25 - 1972/10/29)
Social Credit Party of Canada (1962/06/18 - 1967/09/24)
Social Credit Party of Canada (1957/06/10 - 1958/03/30)"
Ouellet, André;1939-04-05;"MP (1988/11/21 - 1996/01/24)
MP (1967/05/29 - 1988/11/20)";"Papineau--Saint-Michel (1988/11/21 - 1996/01/24)
Papineau (1967/05/29 - 1988/11/20)";"Quebec
Quebec";M;Liberal Party of Canada (1967/05/29 - 1996/01/24)
Pagtakhan, Rey D.;1935-01-06;"MP (1997/06/02 - 2004/06/27)
MP (1988/11/21 - 1997/06/01)";"Winnipeg North--St. Paul (1997/06/02 - 2004/06/27)
Winnipeg North (1988/11/21 - 1997/06/01)";"Manitoba
Manitoba";M;Liberal Party of Canada (1988/11/21 - 2004/06/27)
Paradis, Denis;1949-03-31;"MP (2015/10/19 - 2019/10/20)
MP (1995/02/13 - 2006/01/22)";"Brome--Missisquoi (2015/10/19 - 2019/10/20)
Brome--Missisquoi (1995/02/13 - 2006/01/22)";"Quebec
Quebec";M;"Liberal Party of Canada (2015/10/19 - 2019/10/20)
Liberal Party of Canada (1995/02/13 - 2006/01/22)"
Paré, Philippe;1935-08-23;MP (1993/10/25 - 1997/06/01);Louis-Hébert (1993/10/25 - 1997/06/01);Quebec;M;Bloc Québécois (1993/10/25 - 1997/06/01)
Parent, Gilbert;1935-07-24;"MP (1997/06/02 - 2000/11/26)
MP (1988/11/21 - 1997/06/01)
MP (1979/05/22 - 1984/09/03)
MP (1974/07/08 - 1979/05/21)";"Niagara Centre (1997/06/02 - 2000/11/26)
Welland--St. Catharines--Thorold (1988/11/21 - 1997/06/01)
Welland (1979/05/22 - 1984/09/03)
St. Catharines (1974/07/08 - 1979/05/21)";"Ontario
Ontario
Ontario
Ontario";M;"Liberal Party of Canada (1988/11/21 - 2000/11/26)
Liberal Party of Canada (1974/07/08 - 1984/09/03)"
Parrish, Carolyn;1946-10-02;"MP (2004/06/28 - 2006/01/22)
MP (1997/06/02 - 2004/06/27)
MP (1993/10/25 - 1997/06/01)";"Mississauga--Erindale (2004/06/28 - 2006/01/22)
Mississauga Centre (1997/06/02 - 2004/06/27)
Mississauga West (1993/10/25 - 1997/06/01)";"Ontario
Ontario
Ontario";F;"Independent (2004/11/22 - 2006/01/22)
Liberal Party of Canada (1993/10/25 - 2004/11/21)"
Patry, Bernard;1943-01-29;MP (1993/10/25 - 2011/05/01);Pierrefonds--Dollard (1993/10/25 - 2011/05/01);Quebec;M;Liberal Party of Canada (1993/10/25 - 2011/05/01)
Payne, Jean;1939-05-11;MP (1993/10/25 - 1997/06/01);St. John's West (1993/10/25 - 1997/06/01);Newfoundland and Labrador;F;Liberal Party of Canada (1993/10/25 - 1997/06/01)
Péloquin, Gaston;1939-12-10;MP (1993/10/25 - 1994/09/01);Brome--Missisquoi (1993/10/25 - 1994/09/01);Quebec;M;Bloc Québécois (1993/10/25 - 1994/09/01)
Penson, Charles Frederick (Charlie);1942-11-30;MP (1993/10/25 - 2006/01/22);Peace River (1993/10/25 - 2006/01/22);Alberta;M;"Conservative Party of Canada (2003/12/23 - 2006/01/23)
Canadian Reform Conservative Alliance (2000/03/27 - 2003/12/22)
Reform Party of Canada (1993/10/25 - 2000/03/26)"
Pépin, Lucie;1936-09-06;"MP (1984/09/04 - 1988/11/20)
Senator (1997/04/08 - 2011/09/07)";"Shawinigan (1997/04/08 - 2011/09/07)
Outremont (1984/09/04 - 1988/11/20)";"Quebec
Quebec";F;"Liberal Party of Canada (1997/04/08 - 2011/09/07)
Liberal Party of Canada (1984/09/04 - 1988/11/20)"
Peric, Janko;1949-02-23;MP (1993/10/25 - 2004/06/27);Cambridge (1993/10/25 - 2004/06/27);Ontario;M;Liberal Party of Canada (1993/10/25 - 2004/06/28)
Perrault, Raymond J.;1926-02-05;"MP (1968/06/25 - 1972/10/29)
Senator (1973/10/05 - 2001/02/06)";"North Shore-Burnaby (1973/10/05 - 2001/02/06)
Burnaby--Seymour (1968/06/25 - 1972/10/29)";"British Columbia
British Columbia";M;"Liberal Party of Canada (1973/10/05 - 2001/02/06)
Liberal Party of Canada (1968/06/25 - 1972/10/29)"
Peters, Douglas Dennison;1930-03-02;MP (1993/10/25 - 1997/06/01);Scarborough East (1993/10/25 - 1997/06/01);Ontario;M;Liberal Party of Canada (1993/10/25 - 1997/06/01)
Peterson, James Scott (Jim);1941-07-29;"MP (1988/11/21 - 2007/07/12)
MP (1980/02/18 - 1984/09/03)";"Willowdale (1988/11/21 - 2007/07/12)
Willowdale (1980/02/18 - 1984/09/03)";"Ontario
Ontario";M;"Liberal Party of Canada (1988/11/21 - 2007/07/12)
Liberal Party of Canada (1980/02/18 - 1984/09/03)"
Pettigrew, Pierre Stewart;1951-04-17;"MP (2004/06/28 - 2006/01/22)
MP (1997/06/02 - 2004/06/27)
MP (1996/03/25 - 1997/06/01)";"Papineau (2004/06/28 - 2006/01/22)
Papineau--Saint-Denis (1997/06/02 - 2004/06/27)
Papineau--Saint-Michel (1996/03/25 - 1997/06/01)";"Quebec
Quebec
Quebec";M;Liberal Party of Canada (1996/03/25 - 2006/01/22)
Phillips, Orville H.;1924-04-04;"MP (1957/06/10 - 1963/02/04)
Senator (1963/02/05 - 1999/03/24)";"Prince (1963/02/05 - 1999/03/24)
Prince (1957/06/10 - 1963/02/04)";"Prince Edward Island
Prince Edward Island";M;Progressive Conservative Party (1957/06/10 - 1999/03/24)
Phinney, Elizabeth  (Beth);1938-06-18;MP (1988/11/21 - 2006/01/22);Hamilton Mountain (1988/11/21 - 2006/01/22);Ontario;F;Liberal Party of Canada (1988/11/21 - 2006/01/22)
Picard, Pauline;1947-04-26;MP (1993/10/25 - 2008/10/13);Drummond (1993/10/25 - 2008/10/13);Quebec;F;Bloc Québécois (1993/10/25 - 2008/10/13)
Pickard, Jerry;1940-11-13;"MP (1998/06/18 - 2006/01/22)
MP (1997/06/02 - 1998/06/17)
MP (1988/11/21 - 1997/06/01)";"Chatham-Kent--Essex (1998/06/18 - 2006/01/22)
Kent--Essex (1997/06/02 - 1998/06/17)
Essex--Kent (1988/11/21 - 1997/06/01)";"Ontario
Ontario
Ontario";M;Liberal Party of Canada (1988/11/21 - 2006/01/22)
Pillitteri, Gary Orazio Vincenzo;1936-02-29;MP (1993/10/25 - 2004/06/27);Niagara Falls (1993/10/25 - 2004/06/27);Ontario;M;Liberal Party of Canada (1993/10/25 - 2004/06/27)
Plamondon, Louis;1943-07-30;"MP (2015/10/19 - )
MP (2004/09/01 - 2015/10/18)
MP (2004/06/28 - 2004/08/31)
MP (1998/06/18 - 2004/06/27)
MP (1984/09/04 - 1998/06/17)";"Bécancour--Nicolet--Saurel (2015/10/19 - )
Bas-Richelieu--Nicolet--Bécancour (2004/09/01 - 2015/10/18)
Richelieu (2004/06/28 - 2004/08/31)
Bas-Richelieu--Nicolet--Bécancour (1998/06/18 - 2004/06/27)
Richelieu (1984/09/04 - 1998/06/17)";"Quebec
Quebec
Quebec
Quebec
Quebec";M;"Bloc Québécois (2018/09/17 - )
Québec debout (2018/06/06 - 2018/09/16)
Groupe parlementaire québécois  (2018/02/28 - 2018/06/05)
Bloc Québécois (1990/12/20 - 2018/02/27)
Independent (1990/06/26 - 1990/12/19)
Progressive Conservative Party (1984/09/04 - 1990/06/25)"
Pomerleau, Roger;1947-06-06;"MP (2008/10/14 - 2011/05/01)
MP (1993/10/25 - 1997/06/01)";"Drummond (2008/10/14 - 2011/05/01)
Anjou--Rivière-des-Prairies (1993/10/25 - 1997/06/01)";"Quebec
Quebec";M;"Bloc Québécois (2008/10/14 - 2011/05/01)
Bloc Québécois (1993/10/25 - 1997/06/01)"
Proud, George Albert;1939-04-08;MP (1988/11/21 - 2000/11/26);Hillsborough (1988/11/21 - 2000/11/26);Prince Edward Island;M;Liberal Party of Canada (1988/11/21 - 2000/11/26)
Prud'homme, Marcel;1934-11-29;"MP (1964/02/10 - 1993/05/25)
Senator (1993/05/26 - 2009/11/30)";"La Salle (1993/05/26 - 2009/11/30)
Saint-Denis (1964/02/10 - 1993/05/25)";"Quebec
Quebec";M;"Independent (1993/05/26 - 2009/11/30)
Liberal Party of Canada (1964/02/10 - 1993/05/25)"
Ramsay, F.J. (Jack);1937-08-22;MP (1993/10/25 - 2000/11/26);Crowfoot (1993/10/25 - 2000/11/26);Alberta;M;"Independent (2000/06/28 - 2000/11/26)
Independent Canadian Alliance (2000/04/06 - 2000/06/27)
Reform Party of Canada (1993/10/25 - 2000/04/05)"
Reed, Julian Alexander Arnott;1936-01-26;"MP (1997/06/02 - 2004/06/27)
MP (1993/10/25 - 1997/06/01)";"Halton (1997/06/02 - 2004/06/27)
Halton--Peel (1993/10/25 - 1997/06/01)";"Ontario
Ontario";M;Liberal Party of Canada (1993/10/25 - 2004/06/27)
Regan, Geoff;1959-11-21;"MP (2000/11/27 - )
MP (1993/10/25 - 1997/06/01)";"Halifax West (2000/11/27 - )
Halifax West (1993/10/25 - 1997/06/01)";"Nova Scotia
Nova Scotia";M;"Liberal Party of Canada (2000/11/27 - )
Liberal Party of Canada (1993/10/25 - 1997/06/01)"
Richardson, John;1932-11-30;"MP (1997/06/02 - 2002/10/11)
MP (1993/10/25 - 1997/06/01)";"Perth--Middlesex (1997/06/02 - 2002/10/11)
Perth--Wellington--Waterloo (1993/10/25 - 1997/06/01)";"Ontario
Ontario";M;Liberal Party of Canada (1993/10/25 - 2002/10/11)
Rideout, George Saunders;1945-01-01;MP (1988/11/21 - 1997/06/01);Moncton (1988/11/21 - 1997/06/01);New Brunswick;M;Liberal Party of Canada (1988/11/21 - 1997/06/01)
Riis, Nelson Andrew;1942-01-09;"MP (1998/06/18 - 2000/11/26)
MP (1988/11/21 - 1998/06/17)
MP (1980/02/18 - 1988/11/20)";"Kamloops, Thompson and Highland Valleys (1998/06/18 - 2000/11/26)
Kamloops (1988/11/21 - 1998/06/17)
Kamloops--Shuswap (1980/02/18 - 1988/11/20)";"British Columbia
British Columbia
British Columbia";M;New Democratic Party (1980/02/18 - 2000/11/26)
Ringma, Robert  (Bob);1928-06-29;MP (1993/10/25 - 1997/06/01);Nanaimo--Cowichan (1993/10/25 - 1997/06/01);British Columbia;M;Reform Party of Canada (1993/10/25 - 1997/06/01)
Ringuette, Pierrette;1955-12-30;"MP (1993/10/25 - 1997/06/01)
Senator (2002/12/12 - )";"New Brunswick (2002/12/12 - )
Madawaska--Victoria (1993/10/25 - 1997/06/01)";"New Brunswick
New Brunswick";F;"Independent Senators Group (2017/06/01 - )
Non-affiliated (Independent Senators Group) (2016/12/02 - 2017/05/31)
Non-affiliated (2016/06/13 - 2016/12/01)
Independent (2016/02/02 - 2016/06/12)
Liberal Party of Canada (2002/12/12 - 2016/02/01)
Liberal Party of Canada (1993/10/25 - 1997/06/01)"
Robichaud, Fernand;1939-12-01;"MP (1993/10/25 - 1997/06/01)
MP (1988/11/21 - 1990/09/24)
MP (1984/09/04 - 1988/11/20)
Senator (1997/09/22 - 2014/12/01)";"New Brunswick (2010/02/28 - 2014/12/01)
Saint-Louis-de-Kent (1997/09/22 - 2010/02/27)
Beauséjour (1993/10/25 - 1997/06/01)
Beauséjour (1988/11/21 - 1990/09/24)
Westmorland--Kent (1984/09/04 - 1988/11/20)";"New Brunswick
New Brunswick
New Brunswick
New Brunswick
New Brunswick";M;"Liberal Party of Canada (1997/09/22 - 2014/12/01)
Liberal Party of Canada (1993/10/25 - 1997/06/01)
Liberal Party of Canada (1984/09/04 - 1990/09/24)"
Robillard, Lucienne;1945-06-15;"MP (1997/06/02 - 2008/01/25)
MP (1995/02/13 - 1997/06/01)";"Westmount--Ville-Marie (1997/06/02 - 2008/01/25)
Saint-Henri--Westmount (1995/02/13 - 1997/06/01)";"Quebec
Quebec";F;Liberal Party of Canada (1995/02/13 - 2008/01/25)
Robinson, Svend Johannes;1952-03-03;"MP (1997/06/02 - 2004/06/27)
MP (1988/11/21 - 1997/06/01)
MP (1979/05/22 - 1988/11/20)";"Burnaby--Douglas (1997/06/02 - 2004/06/27)
Burnaby--Kingsway (1988/11/21 - 1997/06/01)
Burnaby (1979/05/22 - 1988/11/20)";"British Columbia
British Columbia
British Columbia";M;New Democratic Party (1979/05/22 - 2004/06/27)
Rocheleau, Yves;1944-10-30;MP (1993/10/25 - 2004/06/27);Trois-Rivières (1993/10/25 - 2004/06/27);Quebec;M;Bloc Québécois (1993/10/25 - 2004/06/27)
Rock, Allan;1947-08-29;MP (1993/10/25 - 2003/12/12);Etobicoke Centre (1993/10/25 - 2003/12/12);Ontario;M;Liberal Party of Canada (1993/10/25 - 2003/12/12)
Rompkey, Bill;1936-05-12;"MP (1988/11/21 - 1995/09/20)
MP (1972/10/30 - 1988/11/20)
Senator (1995/09/21 - 2011/05/13)";"Newfoundland and Labrador (1995/09/21 - 2011/05/13)
Labrador (1988/11/21 - 1995/09/20)
Grand Falls--White Bay--Labrador (1972/10/30 - 1988/11/20)";"Newfoundland and Labrador
Newfoundland and Labrador
Newfoundland and Labrador";M;Liberal Party of Canada (1972/10/30 - 2011/05/13)
Sauvageau, Benoît;1963-11-21;"MP (1997/06/02 - 2006/08/28)
MP (1993/10/25 - 1997/06/01)";"Repentigny (1997/06/02 - 2006/08/28)
Terrebonne (1993/10/25 - 1997/06/01)";"Quebec
Quebec";M;Bloc Québécois (1993/10/25 - 2006/08/28)
Schmidt, Werner;1932-01-17;"MP (2004/09/01 - 2006/01/22)
MP (1997/06/02 - 2004/08/31)
MP (1993/10/25 - 1997/06/01)";"Kelowna--Lake Country (2004/09/01 - 2006/01/22)
Kelowna (1997/06/02 - 2004/08/31)
Okanagan Centre (1993/10/25 - 1997/06/01)";"British Columbia
British Columbia
British Columbia";M;"Conservative Party of Canada (2003/12/23 - 2006/01/22)
Canadian Reform Conservative Alliance (2000/03/27 - 2003/12/22)
Reform Party of Canada (1993/10/25 - 2000/03/26)"
Scott, Andy;1955-03-15;"MP (1997/06/02 - 2008/10/13)
MP (1993/10/25 - 1997/06/01)";"Fredericton (1997/06/02 - 2008/10/13)
Fredericton--York--Sunbury (1993/10/25 - 1997/06/01)";"New Brunswick
New Brunswick";M;Liberal Party of Canada (1993/10/25 - 2008/10/13)
Scott, Michael G.;1954-04-17;MP (1993/10/25 - 2000/11/26);Skeena (1993/10/25 - 2000/11/26);British Columbia;M;"Canadian Reform Conservative Alliance (2000/03/27 - 2000/11/26)
Reform Party of Canada (1993/10/25 - 2000/03/26)"
Serré, Benoît;1951-04-06;"MP (1997/06/02 - 2004/06/27)
MP (1993/10/25 - 1997/06/01)";"Timiskaming--Cochrane (1997/06/02 - 2004/06/27)
Timiskaming--French River (1993/10/25 - 1997/06/01)";"Ontario
Ontario";M;Liberal Party of Canada (1993/10/25 - 2004/06/27)
Shepherd, Alexander James;1946-10-12;MP (1993/10/25 - 2004/06/27);Durham (1993/10/25 - 2004/06/27);Ontario;M;Liberal Party of Canada (1993/10/25 - 2004/06/27)
Sheridan, Georgette;1952-06-11;MP (1993/10/25 - 1997/06/01);Saskatoon--Humboldt (1993/10/25 - 1997/06/01);Saskatchewan;F;Liberal Party of Canada (1993/10/25 - 1997/06/01)
Silye, Jim;1946-04-27;MP (1993/10/25 - 1997/06/01);Calgary Centre (1993/10/25 - 1997/06/01);Alberta;M;"Reform Party of Canada (1993/10/25 - 1998/08/16)
Progressive Conservative Party (1996/08/17 - 1997/06/01)"
Simmons, Roger;1939-06-02;"MP (1988/11/21 - 1997/06/01)
MP (1979/09/19 - 1984/09/03)";"Burin--St. George's (1988/11/21 - 1997/06/01)
Burin--St. George's (1979/09/19 - 1984/09/03)";"Newfoundland and Labrador
Newfoundland and Labrador";M;"Liberal Party of Canada (1988/11/21 - 1997/06/01)
Liberal Party of Canada (1979/09/19 - 1984/09/03)"
Skoke, Roseanne;1954-09-10;MP (1993/10/25 - 1997/06/01);Central Nova (1993/10/25 - 1997/06/01);Nova Scotia;F;Liberal Party of Canada (1993/10/25 - 1997/06/01)
Solberg, Monte;1958-09-16;MP (1993/10/25 - 2008/10/13);Medicine Hat (1993/10/25 - 2008/10/13);Alberta;M;"Conservative Party of Canada (2004/02/02 - 2008/10/13)
Progressive Conservative Party (2003/12/12 - 2004/02/01)
Canadian Reform Conservative Alliance (2000/03/27 - 2003/12/11)
Reform Party of Canada (1993/10/25 - 2000/03/26)"
Solomon, John Lewis;1950-05-22;"MP (1997/06/02 - 2000/11/26)
MP (1993/10/25 - 1997/06/01)";"Regina--Lumsden--Lake Centre (1997/06/02 - 2000/11/26)
Regina--Lumsden (1993/10/25 - 1997/06/01)";"Saskatchewan
Saskatchewan";M;New Democratic Party (1993/10/25 - 2000/11/26)
Speaker, Raymond Albert (Ray);1935-12-12;MP (1993/10/25 - 1997/06/01);Lethbridge (1993/10/25 - 1997/06/01);Alberta;M;Reform Party of Canada (1993/10/25 - 1997/06/01)
Speller, Robert (Bob);1956-02-28;"MP (1997/06/02 - 2004/06/27)
MP (1988/11/21 - 1997/06/01)";"Haldimand--Norfolk--Brant (1997/06/02 - 2004/06/27)
Haldimand--Norfolk (1988/11/21 - 1997/06/01)";"Ontario
Ontario";M;Liberal Party of Canada (1988/11/21 - 2004/06/27)
St-Laurent, Bernard;1953-12-13;MP (1993/10/25 - 1997/06/01);Manicouagan (1993/10/25 - 1997/06/01);Quebec;M;"Independent (1997/03/05 - 1997/06/01)
Bloc Québécois (1993/10/25 - 1997/03/04)"
St. Denis, Brent;1950-05-26;"MP (2004/06/28 - 2008/10/13)
MP (1997/06/02 - 2004/06/27)
MP (1993/10/25 - 1997/06/01)";"Algoma--Manitoulin--Kapuskasing (2004/06/28 - 2008/10/13)
Algoma--Manitoulin (1997/06/02 - 2004/06/27)
Algoma (1993/10/25 - 1997/06/01)";"Ontario
Ontario
Ontario";M;Liberal Party of Canada (1993/10/25 - 2008/10/13)
St. Germain, Gerry;1937-11-05;"MP (1983/08/29 - 1988/11/20)
Senator (1993/06/23 - 2012/11/06)";"Langley-Pemberton-Whistler (1993/06/23 - 2012/11/06)
Mission--Port Moody (1983/08/29 - 1988/11/20)";"British Columbia
British Columbia";M;"Conservative Party of Canada (2004/02/02 - 2012/11/06)
Canadian Reform Conservative Alliance (2000/10/18 - 2004/02/01)
Independent Conservative (2000/06/30 - 2000/10/17)
Progressive Conservative Party (1993/06/23 - 2000/06/29)
Progressive Conservative Party (1983/08/29 - 1988/11/20)"
Steckle, Paul Daniel;1942-05-09;MP (1993/10/25 - 2008/10/13);Huron--Bruce (1993/10/25 - 2008/10/13);Ontario;M;Liberal Party of Canada (1993/10/25 - 2008/10/13)
Stewart, Christine Susan;1941-01-02;MP (1988/11/21 - 2000/11/26);Northumberland (1988/11/21 - 2000/11/26);Ontario;F;Liberal Party of Canada (1988/11/21 - 2000/11/26)
Stewart, Jane;1955-04-24;MP (1993/10/25 - 2004/06/27);Brant (1993/10/25 - 2004/06/27);Ontario;F;Liberal Party of Canada (1993/10/25 - 2004/06/27)
Stewart, John B.;1924-11-18;"MP (1962/06/18 - 1968/06/24)
Senator (1984/01/13 - 1999/11/19)";"Antigonish-Guysborough (1984/01/13 - 1999/11/19)
Antigonish--Guysborough (1962/06/18 - 1968/06/24)";"Nova Scotia
Nova Scotia";M;"Liberal Party of Canada (1984/01/13 - 1999/11/19)
Liberal Party of Canada (1962/06/18 - 1968/06/24)"
Stinson, Darrel;1945-06-04;"MP (2004/09/01 - 2006/01/22)
MP (2004/06/28 - 2004/08/31)
MP (1997/06/02 - 2004/06/27)
MP (1993/10/25 - 1997/06/01)";"Okanagan--Shuswap (2004/09/01 - 2006/01/22)
North Okanagan--Shuswap (2004/06/28 - 2004/08/31)
Okanagan--Shuswap (1997/06/02 - 2004/06/27)
Okanagan--Shuswap (1993/10/25 - 1997/06/01)";"British Columbia
British Columbia
British Columbia
British Columbia";M;"Conservative Party of Canada (2003/12/23 - 2006/01/22)
Canadian Reform Conservative Alliance (2000/03/27 - 2003/12/22)
Reform Party of Canada (1993/10/25 - 2000/03/26)"
Stollery, Peter A.;1935-11-28;"MP (1972/10/30 - 1981/07/01)
Senator (1981/07/02 - 2010/11/29)";"Bloor and Yonge (Toronto) (1981/07/02 - 2010/11/29)
Spadina (1972/10/30 - 1981/07/01)";"Ontario
Ontario";M;Liberal Party of Canada (1972/10/30 - 2010/11/29)
Strahl, Charles (Chuck);1957-02-24;"MP (2004/06/28 - 2011/05/01)
MP (1997/06/02 - 2004/06/27)
MP (1993/10/25 - 1997/06/01)";"Chilliwack--Fraser Canyon (2004/06/28 - 2011/05/01)
Fraser Valley (1997/06/02 - 2004/06/27)
Fraser Valley East (1993/10/25 - 1997/06/01)";"British Columbia
British Columbia
British Columbia";M;"Conservative Party of Canada (2003/12/23 - 2011/05/01)
Canadian Reform Conservative Alliance (2002/04/16 - 2003/12/22)
Independent (2002/04/10 - 2002/04/15)
Canadian Reform Conservative Alliance (2000/03/27 - 2002/04/09)
Reform Party of Canada (1993/10/25 - 2000/03/26)"
Szabo, Paul John Mark;1948-05-09;MP (1993/10/25 - 2011/05/01);Mississauga South (1993/10/25 - 2011/05/01);Ontario;M;Liberal Party of Canada (1993/10/25 - 2011/05/01)
Taylor, Leonard William (Len);1952-01-15;MP (1988/11/21 - 1997/06/01);The Battlefords--Meadow Lake (1988/11/21 - 1997/06/01);Saskatchewan;M;New Democratic Party (1988/11/21 - 1997/06/01)
Telegdi, Andrew;1946-05-27;"MP (1997/06/02 - 2008/10/13)
MP (1993/10/25 - 1997/06/01)";"Kitchener--Waterloo (1997/06/02 - 2008/10/13)
Waterloo (1993/10/25 - 1997/06/01)";"Ontario
Ontario";M;Liberal Party of Canada (1993/10/25 - 2008/10/13)
Terrana, Anna Marina;1937-03-30;MP (1993/10/25 - 1997/06/01);Vancouver East (1993/10/25 - 1997/06/01);British Columbia;F;Liberal Party of Canada (1993/10/25 - 1997/06/01)
Thalheimer, Peter;1936-06-03;MP (1993/10/25 - 1997/06/01);Timmins--Chapleau (1993/10/25 - 1997/06/01);Ontario;M;Liberal Party of Canada (1993/10/25 - 1997/06/01)
Thompson, Myron;1936-04-22;MP (1993/10/25 - 2008/10/13);Wild Rose (1993/10/25 - 2008/10/13);Alberta;M;"Conservative Party of Canada (2003/12/23 - 2008/10/13)
Canadian Reform Conservative Alliance (2000/03/27 - 2003/12/22)
Reform Party of Canada (1993/10/25 - 2000/03/26)"
Tobin, Brian Vincent;1954-10-20;"MP (2000/11/27 - 2002/01/25)
MP (1988/11/21 - 1996/01/25)
MP (1980/02/18 - 1988/11/20)";"Bonavista--Trinity--Conception (2000/11/27 - 2002/01/25)
Humber--St. Barbe--Baie Verte (1988/11/21 - 1996/01/25)
Humber--Port au Port--St. Barbe (1980/02/18 - 1988/11/20)";"Newfoundland and Labrador
Newfoundland and Labrador
Newfoundland and Labrador";M;"Liberal Party of Canada (2000/11/27 - 2002/01/25)
Liberal Party of Canada (1980/02/18 - 1996/01/25)"
Torsney, Paddy;1962-12-18;MP (1993/10/25 - 2006/01/22);Burlington (1993/10/25 - 2006/01/22);Ontario;F;Liberal Party of Canada (1993/10/25 - 2006/01/22)
Tremblay, Benoît;1948-03-15;MP (1988/11/21 - 1997/06/01);Rosemont (1988/11/21 - 1997/06/01);Quebec;M;"Bloc Québécois (1990/12/20 - 1997/06/01)
Independent (1990/06/26 - 1990/12/19)
Progressive Conservative Party (1988/11/21 - 1990/06/25)"
Tremblay, Stéphan;1973-11-03;"MP (2000/06/29 - 2002/05/07)
MP (1996/03/25 - 2000/06/28)";"Lac-Saint-Jean--Saguenay (2000/06/29 - 2002/05/07)
Lac-Saint-Jean (1996/03/25 - 2000/06/28)";"Quebec
Quebec";M;Bloc Québécois (1996/03/25 - 2002/05/13)
Tremblay, Suzanne;1937-01-23;"MP (2000/06/29 - 2004/06/27)
MP (1997/06/02 - 2000/06/28)
MP (1993/10/25 - 1997/06/01)";"Rimouski-Neigette-et-La Mitis (2000/06/29 - 2004/06/27)
Rimouski--Mitis (1997/06/02 - 2000/06/28)
Rimouski--Témiscouata (1993/10/25 - 1997/06/01)";"Quebec
Quebec
Quebec";F;Bloc Québécois (1993/10/25 - 2004/06/27)
Ur, Rose-Marie Margaret;1946-07-27;"MP (2004/09/01 - 2006/01/22)
MP (2004/06/28 - 2004/08/31)
MP (1997/06/02 - 2004/06/27)
MP (1993/10/25 - 1997/06/01)";"Lambton--Kent--Middlesex (2004/09/01 - 2006/01/22)
Middlesex--Kent--Lambton (2004/06/28 - 2004/08/31)
Lambton--Kent--Middlesex (1997/06/02 - 2004/06/27)
Lambton--Middlesex (1993/10/25 - 1997/06/01)";"Ontario
Ontario
Ontario
Ontario";F;Liberal Party of Canada (1993/10/25 - 2006/01/22)
Valeri, Tony;1957-08-10;"MP (2004/06/28 - 2006/01/22)
MP (1997/06/02 - 2004/06/27)
MP (1993/10/25 - 1997/06/01)";"Hamilton East--Stoney Creek (2004/06/28 - 2006/01/22)
Stoney Creek (1997/06/02 - 2004/06/27)
Lincoln (1993/10/25 - 1997/06/01)";"Ontario
Ontario
Ontario";M;Liberal Party of Canada (1993/10/25 - 2006/01/22)
Vanclief, Lyle;1943-09-18;MP (1988/11/21 - 2004/06/27);Prince Edward--Hastings (1988/11/21 - 2004/06/27);Ontario;M;Liberal Party of Canada (1988/11/21 - 2004/06/27)
Venne, Pierrette;1945-08-07;"MP (1997/06/02 - 2004/06/27)
MP (1988/11/21 - 1997/06/01)";"Saint-Bruno--Saint-Hubert (1997/06/02 - 2004/06/27)
Saint-Hubert (1988/11/21 - 1997/06/01)";"Quebec
Quebec";F;"Independent Bloc Québécois (2003/02/07 - 2004/06/27)
Bloc Québécois (1991/08/12 - 2003/02/06)
Progressive Conservative Party (1988/11/21 - 1991/08/11)"
Verran, Harry;1930-07-05;MP (1993/10/25 - 1997/06/01);South West Nova (1993/10/25 - 1997/06/01);Nova Scotia;M;Liberal Party of Canada (1993/10/25 - 1997/06/01)
Volpe, Giuseppe (Joseph);1947-09-20;MP (1988/11/21 - 2011/05/01);Eglinton--Lawrence (1988/11/21 - 2011/05/01);Ontario;M;Liberal Party of Canada (1988/11/21 - 2011/05/01)
Walker, David;1947-07-31;MP (1988/11/21 - 1997/06/01);Winnipeg North Centre (1988/11/21 - 1997/06/01);Manitoba;M;Liberal Party of Canada (1988/11/21 - 1997/06/01)
Wappel, Thomas (Tom) William;1950-02-08;"MP (1997/06/02 - 2008/10/13)
MP (1988/11/21 - 1997/06/01)";"Scarborough Southwest (1997/06/02 - 2008/10/13)
Scarborough West (1988/11/21 - 1997/06/01)";"Ontario
Ontario";M;Liberal Party of Canada (1988/11/21 - 2008/10/14)
Wayne, Elsie Eleanore;1932-04-19;MP (1993/10/25 - 2004/06/27);Saint John (1993/10/25 - 2004/06/27);New Brunswick;F;"Conservative Party of Canada (2004/02/02 - 2004/06/27)
Progressive Conservative Party (1993/10/25 - 2004/02/01)"
Wells, Derek;1946-11-27;MP (1993/10/25 - 1997/06/01);South Shore (1993/10/25 - 1997/06/01);Nova Scotia;M;Liberal Party of Canada (1993/10/25 - 1997/06/01)
Whelan, Eugene;1924-07-10;"MP (1972/10/30 - 1984/09/03)
MP (1968/06/25 - 1972/10/29)
MP (1962/06/18 - 1968/06/24)
Senator (1996/08/09 - 1999/07/11)";"South Western Ontario (1996/08/09 - 1999/07/11)
Essex--Windsor (1972/10/30 - 1984/09/03)
Essex (1968/06/25 - 1972/10/29)
Essex South (1962/06/18 - 1968/06/24)";"Ontario
Ontario
Ontario
Ontario";M;"Liberal Party of Canada (1996/08/09 - 1999/07/11)
Liberal Party of Canada (1962/06/18 - 1984/09/03)"
Whelan, Susan;1963-05-04;"MP (1997/06/02 - 2004/06/27)
MP (1993/10/25 - 1997/06/01)";"Essex (1997/06/02 - 2004/06/27)
Essex--Windsor (1993/10/25 - 1997/06/01)";"Ontario
Ontario";F;Liberal Party of Canada (1993/10/25 - 2004/06/27)
White, Randy A.;1948-09-02;"MP (2004/06/28 - 2006/01/22)
MP (1997/06/02 - 2004/06/27)
MP (1993/10/25 - 1997/06/01)";"Abbotsford (2004/06/28 - 2006/01/22)
Langley--Abbotsford (1997/06/02 - 2004/06/27)
Fraser Valley West (1993/10/25 - 1997/06/01)";"British Columbia
British Columbia
British Columbia";M;"Conservative Party of Canada (2003/12/23 - 2006/01/22)
Canadian Reform Conservative Alliance (2000/03/27 - 2003/12/22)
Reform Party of Canada (1993/10/25 - 2000/03/26)"
White, Ted;1949-04-17;MP (1993/10/25 - 2004/06/27);North Vancouver (1993/10/25 - 2004/06/27);British Columbia;M;"Conservative Party of Canada (2003/12/23 - 2004/06/27)
Canadian Reform Conservative Alliance (2000/03/27 - 2003/12/22)
Reform Party of Canada (1993/10/25 - 2000/03/26)"
Williams, John G.;1946-12-30;"MP (2004/06/28 - 2008/10/13)
MP (1993/10/25 - 2004/06/27)";"Edmonton--St. Albert (2004/06/28 - 2008/10/13)
St. Albert (1993/10/25 - 2004/06/27)";"Alberta
Alberta";M;"Conservative Party of Canada (2003/12/23 - 2008/10/13)
Canadian Reform Conservative Alliance (2000/03/27 - 2003/12/22)
Reform Party of Canada (1993/10/25 - 2000/03/26)"
Wood, Bob;1940-03-10;MP (1988/11/21 - 2004/06/27);Nipissing (1988/11/21 - 2004/06/27);Ontario;M;Liberal Party of Canada (1988/11/21 - 2004/06/27)
Young, M. Douglas;1940-09-19;"MP (1990/12/19 - 1997/06/01)
MP (1988/11/21 - 1990/12/18)";"Acadie--Bathurst (1990/12/19 - 1997/06/01)
Gloucester (1988/11/21 - 1990/12/18)";"New Brunswick
New Brunswick";M;Liberal Party of Canada (1988/11/21 - 1997/06/01)
Zed, Paul;1956-12-30;"MP (2004/06/28 - 2008/10/13)
MP (1993/10/25 - 1997/06/01)";"Saint John (2004/06/28 - 2008/10/13)
Fundy--Royal (1993/10/25 - 1997/06/01)";"New Brunswick
New Brunswick";M;"Liberal Party of Canada (2004/06/28 - 2008/10/13)
Liberal Party of Canada (1993/10/25 - 1997/06/01)"